[  0%] Building CXX object bgfx/cmake/bx/CMakeFiles/bx.dir/__/__/__/bx/src/allocator.cpp.o
[  0%] Building CXX object bgfx/cmake/bgfx/CMakeFiles/spirv-opt.dir/__/__/__/bgfx/3rdparty/spirv-tools/source/assembly_grammar.cpp.o
[  0%] Building C object sdl/CMakeFiles/SDL3-static.dir/cmake_pch_arm64.h.pch
[  0%] Building CXX object bgfx/cmake/bgfx/CMakeFiles/tint.dir/__/__/__/bgfx/3rdparty/dawn/src/tint/api/common/vertex_pulling_config.cc.o
[  0%] Building CXX object bgfx/cmake/bx/CMakeFiles/bx.dir/__/__/__/bx/src/bounds.cpp.o
[  0%] Building C object sdl/CMakeFiles/SDL3-static.dir/src/dynapi/SDL_dynapi.c.o
[  0%] Building CXX object bgfx/cmake/bx/CMakeFiles/bx.dir/__/__/__/bx/src/bx.cpp.o
[  0%] Building CXX object bgfx/cmake/bgfx/CMakeFiles/spirv-opt.dir/__/__/__/bgfx/3rdparty/spirv-tools/source/binary.cpp.o
[  0%] Building CXX object bgfx/cmake/bgfx/CMakeFiles/tint.dir/__/__/__/bgfx/3rdparty/dawn/src/tint/api/helpers/generate_bindings.cc.o
[  0%] Building CXX object bgfx/cmake/bx/CMakeFiles/bx.dir/__/__/__/bx/src/commandline.cpp.o
[  0%] Building C object sdl/CMakeFiles/SDL3-static.dir/src/events/SDL_categories.c.o
[  0%] Building CXX object bgfx/cmake/bx/CMakeFiles/bx.dir/__/__/__/bx/src/crtnone.cpp.o
[  0%] Building C object sdl/CMakeFiles/SDL3-static.dir/src/events/SDL_clipboardevents.c.o
[  0%] Building C object sdl/CMakeFiles/SDL3-static.dir/src/events/SDL_displayevents.c.o
[  0%] Building C object sdl/CMakeFiles/SDL3-static.dir/src/events/SDL_dropevents.c.o
[  0%] Building C object sdl/CMakeFiles/SDL3-static.dir/src/events/SDL_events.c.o
[  0%] Building CXX object bgfx/cmake/bx/CMakeFiles/bx.dir/__/__/__/bx/src/debug.cpp.o
[  0%] Building C object sdl/CMakeFiles/SDL3-static.dir/src/events/SDL_eventwatch.c.o
[  0%] Building C object sdl/CMakeFiles/SDL3-static.dir/src/events/SDL_keyboard.c.o
[  0%] Building CXX object bgfx/cmake/bgfx/CMakeFiles/spirv-opt.dir/__/__/__/bgfx/3rdparty/spirv-tools/source/diagnostic.cpp.o
[  0%] Building C object sdl/CMakeFiles/SDL3-static.dir/src/events/SDL_keymap.c.o
[  0%] Building C object sdl/CMakeFiles/SDL3-static.dir/src/events/SDL_keysym_to_keycode.c.o
[  1%] Building C object sdl/CMakeFiles/SDL3-static.dir/src/events/SDL_keysym_to_scancode.c.o
[  1%] Building CXX object bgfx/cmake/bx/CMakeFiles/bx.dir/__/__/__/bx/src/dtoa.cpp.o
[  1%] Building C object sdl/CMakeFiles/SDL3-static.dir/src/events/SDL_mouse.c.o
[  1%] Building CXX object bgfx/cmake/bgfx/CMakeFiles/tint.dir/__/__/__/bgfx/3rdparty/dawn/src/tint/api/tint.cc.o
[  1%] Building C object sdl/CMakeFiles/SDL3-static.dir/src/events/SDL_pen.c.o
[  1%] Building C object sdl/CMakeFiles/SDL3-static.dir/src/events/SDL_quit.c.o
[  1%] Building C object sdl/CMakeFiles/SDL3-static.dir/src/events/SDL_scancode_tables.c.o
[  1%] Building CXX object bgfx/cmake/bx/CMakeFiles/bx.dir/__/__/__/bx/src/easing.cpp.o
[  1%] Building C object sdl/CMakeFiles/SDL3-static.dir/src/events/SDL_touch.c.o
[  1%] Building C object sdl/CMakeFiles/SDL3-static.dir/src/events/SDL_windowevents.c.o
[  1%] Building C object sdl/CMakeFiles/SDL3-static.dir/src/events/imKStoUCS.c.o
[  1%] Building C object sdl/CMakeFiles/SDL3-static.dir/src/filesystem/SDL_filesystem.c.o
[  1%] Building CXX object bgfx/cmake/bgfx/CMakeFiles/spirv-opt.dir/__/__/__/bgfx/3rdparty/spirv-tools/source/disassemble.cpp.o
[  1%] Building C object sdl/CMakeFiles/SDL3-static.dir/src/gpu/SDL_gpu.c.o
[  1%] Building CXX object bgfx/cmake/bx/CMakeFiles/bx.dir/__/__/__/bx/src/file.cpp.o
[  1%] Building C object sdl/CMakeFiles/SDL3-static.dir/src/haptic/SDL_haptic.c.o
[  2%] Building C object sdl/CMakeFiles/SDL3-static.dir/src/hidapi/SDL_hidapi.c.o
[  2%] Building CXX object bgfx/cmake/bx/CMakeFiles/bx.dir/__/__/__/bx/src/filepath.cpp.o
[  2%] Building CXX object bgfx/cmake/bgfx/CMakeFiles/tint.dir/__/__/__/bgfx/3rdparty/dawn/src/tint/lang/core/binary_op.cc.o
[  2%] Building CXX object bgfx/cmake/bx/CMakeFiles/bx.dir/__/__/__/bx/src/hash.cpp.o
[  2%] Building C object sdl/CMakeFiles/SDL3-static.dir/src/io/SDL_asyncio.c.o
[  2%] Building C object sdl/CMakeFiles/SDL3-static.dir/src/io/SDL_iostream.c.o
[  2%] Building C object sdl/CMakeFiles/SDL3-static.dir/src/io/generic/SDL_asyncio_generic.c.o
[  2%] Building C object sdl/CMakeFiles/SDL3-static.dir/src/joystick/SDL_gamepad.c.o
[  3%] Building CXX object bgfx/cmake/bx/CMakeFiles/bx.dir/__/__/__/bx/src/math.cpp.o
[  3%] Building C object sdl/CMakeFiles/SDL3-static.dir/src/joystick/SDL_joystick.c.o
[  3%] Building CXX object bgfx/cmake/bgfx/CMakeFiles/spirv-opt.dir/__/__/__/bgfx/3rdparty/spirv-tools/source/ext_inst.cpp.o
[  3%] Building CXX object bgfx/cmake/bx/CMakeFiles/bx.dir/__/__/__/bx/src/mutex.cpp.o
[  3%] Building CXX object bgfx/cmake/bgfx/CMakeFiles/tint.dir/__/__/__/bgfx/3rdparty/dawn/src/tint/lang/core/constant/composite.cc.o
[  3%] Building CXX object bgfx/cmake/bx/CMakeFiles/bx.dir/__/__/__/bx/src/os.cpp.o
[  3%] Building C object sdl/CMakeFiles/SDL3-static.dir/src/joystick/SDL_steam_virtual_gamepad.c.o
[  3%] Building CXX object bgfx/cmake/bx/CMakeFiles/bx.dir/__/__/__/bx/src/process.cpp.o
[  3%] Building C object sdl/CMakeFiles/SDL3-static.dir/src/joystick/controller_type.c.o
[  3%] Building C object sdl/CMakeFiles/SDL3-static.dir/src/locale/SDL_locale.c.o
[  3%] Building C object sdl/CMakeFiles/SDL3-static.dir/src/main/SDL_main_callbacks.c.o
[  3%] Building C object sdl/CMakeFiles/SDL3-static.dir/src/main/SDL_runapp.c.o
[  3%] Building C object sdl/CMakeFiles/SDL3-static.dir/src/misc/SDL_libusb.c.o
[  4%] Building C object sdl/CMakeFiles/SDL3-static.dir/src/misc/SDL_url.c.o
[  4%] Building CXX object bgfx/cmake/bx/CMakeFiles/bx.dir/__/__/__/bx/src/scanner.cpp.o
[  4%] Building CXX object bgfx/cmake/bgfx/CMakeFiles/spirv-opt.dir/__/__/__/bgfx/3rdparty/spirv-tools/source/extensions.cpp.o
[  4%] Building C object sdl/CMakeFiles/SDL3-static.dir/src/power/SDL_power.c.o
[  4%] Building C object sdl/CMakeFiles/SDL3-static.dir/src/render/SDL_render.c.o
[  4%] Building CXX object bgfx/cmake/bx/CMakeFiles/bx.dir/__/__/__/bx/src/semaphore.cpp.o
[  4%] Building CXX object bgfx/cmake/bx/CMakeFiles/bx.dir/__/__/__/bx/src/settings.cpp.o
[  5%] Building CXX object bgfx/cmake/bgfx/CMakeFiles/tint.dir/__/__/__/bgfx/3rdparty/dawn/src/tint/lang/core/constant/eval.cc.o
[  5%] Building C object sdl/CMakeFiles/SDL3-static.dir/src/render/SDL_render_unsupported.c.o
[  5%] Building C object sdl/CMakeFiles/SDL3-static.dir/src/render/SDL_yuv_sw.c.o
[  5%] Building C object sdl/CMakeFiles/SDL3-static.dir/src/render/direct3d/SDL_render_d3d.c.o
[  5%] Building CXX object bgfx/cmake/bx/CMakeFiles/bx.dir/__/__/__/bx/src/sort.cpp.o
[  5%] Building C object sdl/CMakeFiles/SDL3-static.dir/src/render/direct3d/SDL_shaders_d3d.c.o
[  5%] Building C object sdl/CMakeFiles/SDL3-static.dir/src/render/direct3d11/SDL_render_d3d11.c.o
[  5%] Building C object sdl/CMakeFiles/SDL3-static.dir/src/render/direct3d11/SDL_shaders_d3d11.c.o
[  5%] Building CXX object bgfx/cmake/bgfx/CMakeFiles/spirv-opt.dir/__/__/__/bgfx/3rdparty/spirv-tools/source/libspirv.cpp.o
[  5%] Building C object sdl/CMakeFiles/SDL3-static.dir/src/render/direct3d12/SDL_render_d3d12.c.o
[  5%] Building C object sdl/CMakeFiles/SDL3-static.dir/src/render/direct3d12/SDL_shaders_d3d12.c.o
[  6%] Building C object sdl/CMakeFiles/SDL3-static.dir/src/render/gpu/SDL_pipeline_gpu.c.o
[  6%] Building C object sdl/CMakeFiles/SDL3-static.dir/src/render/gpu/SDL_render_gpu.c.o
[  6%] Building CXX object bgfx/cmake/bx/CMakeFiles/bx.dir/__/__/__/bx/src/string.cpp.o
[  6%] Building C object sdl/CMakeFiles/SDL3-static.dir/src/render/gpu/SDL_shaders_gpu.c.o
[  6%] Building C object sdl/CMakeFiles/SDL3-static.dir/src/render/ngage/SDL_render_ngage.c.o
[  6%] Building C object sdl/CMakeFiles/SDL3-static.dir/src/render/opengl/SDL_render_gl.c.o
[  6%] Building C object sdl/CMakeFiles/SDL3-static.dir/src/render/opengl/SDL_shaders_gl.c.o
[  6%] Building CXX object bgfx/cmake/bx/CMakeFiles/bx.dir/__/__/__/bx/src/thread.cpp.o
[  6%] Building C object sdl/CMakeFiles/SDL3-static.dir/src/render/opengles2/SDL_render_gles2.c.o
[  6%] Building CXX object bgfx/cmake/bgfx/CMakeFiles/spirv-opt.dir/__/__/__/bgfx/3rdparty/spirv-tools/source/name_mapper.cpp.o
[  6%] Building CXX object bgfx/cmake/bx/CMakeFiles/bx.dir/__/__/__/bx/src/timer.cpp.o
[  7%] Building CXX object bgfx/cmake/bx/CMakeFiles/bx.dir/__/__/__/bx/src/url.cpp.o
[  7%] Building C object sdl/CMakeFiles/SDL3-static.dir/src/render/opengles2/SDL_shaders_gles2.c.o
[  7%] Building C object sdl/CMakeFiles/SDL3-static.dir/src/render/ps2/SDL_render_ps2.c.o
[  7%] Linking CXX static library libbx.a
[  7%] Building C object sdl/CMakeFiles/SDL3-static.dir/src/render/psp/SDL_render_psp.c.o
[  7%] Building C object sdl/CMakeFiles/SDL3-static.dir/src/render/software/SDL_blendfillrect.c.o
[  7%] Built target bx
[  7%] Building CXX object bgfx/cmake/bgfx/CMakeFiles/tint.dir/__/__/__/bgfx/3rdparty/dawn/src/tint/lang/core/constant/invalid.cc.o
[  8%] Building C object sdl/CMakeFiles/SDL3-static.dir/src/render/software/SDL_blendline.c.o
[  8%] Building CXX object bgfx/cmake/bgfx/CMakeFiles/spirv-opt.dir/__/__/__/bgfx/3rdparty/spirv-tools/source/opcode.cpp.o
[  8%] Building C object sdl/CMakeFiles/SDL3-static.dir/src/render/software/SDL_blendpoint.c.o
[  8%] Building C object sdl/CMakeFiles/SDL3-static.dir/src/render/software/SDL_drawline.c.o
[  8%] Building CXX object bgfx/cmake/bgfx/CMakeFiles/spirv-cross.dir/__/__/__/bgfx/3rdparty/spirv-cross/spirv_cfg.cpp.o
[  8%] Building C object sdl/CMakeFiles/SDL3-static.dir/src/render/software/SDL_drawpoint.c.o
[  8%] Building C object sdl/CMakeFiles/SDL3-static.dir/src/render/software/SDL_render_sw.c.o
[  8%] Building C object sdl/CMakeFiles/SDL3-static.dir/src/render/software/SDL_triangle.c.o
[  8%] Building CXX object bgfx/cmake/bgfx/CMakeFiles/spirv-opt.dir/__/__/__/bgfx/3rdparty/spirv-tools/source/operand.cpp.o
[  8%] Building C object sdl/CMakeFiles/SDL3-static.dir/src/render/vitagxm/SDL_render_vita_gxm.c.o
[  8%] Building C object sdl/CMakeFiles/SDL3-static.dir/src/render/vitagxm/SDL_render_vita_gxm_memory.c.o
[  8%] Building C object sdl/CMakeFiles/SDL3-static.dir/src/render/vitagxm/SDL_render_vita_gxm_tools.c.o
[  8%] Building C object sdl/CMakeFiles/SDL3-static.dir/src/render/vulkan/SDL_render_vulkan.c.o
[  8%] Building C object sdl/CMakeFiles/SDL3-static.dir/src/render/vulkan/SDL_shaders_vulkan.c.o
[  8%] Building C object sdl/CMakeFiles/SDL3-static.dir/src/sensor/SDL_sensor.c.o
[  8%] Building CXX object bgfx/cmake/bgfx/CMakeFiles/spirv-cross.dir/__/__/__/bgfx/3rdparty/spirv-cross/spirv_cpp.cpp.o
[ 10%] Building C object sdl/CMakeFiles/SDL3-static.dir/src/stdlib/SDL_crc16.c.o
[ 10%] Building C object sdl/CMakeFiles/SDL3-static.dir/src/stdlib/SDL_crc32.c.o
[ 10%] Building C object sdl/CMakeFiles/SDL3-static.dir/src/stdlib/SDL_getenv.c.o
[ 10%] Building C object sdl/CMakeFiles/SDL3-static.dir/src/stdlib/SDL_iconv.c.o
[ 11%] Building CXX object bgfx/cmake/bgfx/CMakeFiles/spirv-opt.dir/__/__/__/bgfx/3rdparty/spirv-tools/source/opt/aggressive_dead_code_elim_pass.cpp.o
[ 11%] Building C object sdl/CMakeFiles/SDL3-static.dir/src/stdlib/SDL_malloc.c.o
[ 11%] Building C object sdl/CMakeFiles/SDL3-static.dir/src/stdlib/SDL_memcpy.c.o
[ 11%] Building C object sdl/CMakeFiles/SDL3-static.dir/src/stdlib/SDL_memmove.c.o
[ 11%] Building C object sdl/CMakeFiles/SDL3-static.dir/src/stdlib/SDL_memset.c.o
[ 11%] Building C object sdl/CMakeFiles/SDL3-static.dir/src/stdlib/SDL_mslibc.c.o
[ 11%] Building C object sdl/CMakeFiles/SDL3-static.dir/src/stdlib/SDL_murmur3.c.o
[ 11%] Building C object sdl/CMakeFiles/SDL3-static.dir/src/stdlib/SDL_qsort.c.o
[ 12%] Building C object sdl/CMakeFiles/SDL3-static.dir/src/stdlib/SDL_random.c.o
[ 12%] Building C object sdl/CMakeFiles/SDL3-static.dir/src/stdlib/SDL_stdlib.c.o
[ 12%] Building C object sdl/CMakeFiles/SDL3-static.dir/src/stdlib/SDL_string.c.o
[ 12%] Building C object sdl/CMakeFiles/SDL3-static.dir/src/stdlib/SDL_strtokr.c.o
[ 12%] Building C object sdl/CMakeFiles/SDL3-static.dir/src/storage/SDL_storage.c.o
[ 12%] Building C object sdl/CMakeFiles/SDL3-static.dir/src/thread/SDL_thread.c.o
[ 12%] Building C object sdl/CMakeFiles/SDL3-static.dir/src/time/SDL_time.c.o
[ 12%] Building C object sdl/CMakeFiles/SDL3-static.dir/src/timer/SDL_timer.c.o
[ 12%] Building C object sdl/CMakeFiles/SDL3-static.dir/src/video/SDL_RLEaccel.c.o
[ 12%] Building CXX object bgfx/cmake/bgfx/CMakeFiles/spirv-cross.dir/__/__/__/bgfx/3rdparty/spirv-cross/spirv_cross.cpp.o
[ 12%] Building C object sdl/CMakeFiles/SDL3-static.dir/src/video/SDL_blit.c.o
[ 12%] Building C object sdl/CMakeFiles/SDL3-static.dir/src/video/SDL_blit_0.c.o
[ 12%] Building C object sdl/CMakeFiles/SDL3-static.dir/src/video/SDL_blit_1.c.o
[ 13%] Building C object sdl/CMakeFiles/SDL3-static.dir/src/video/SDL_blit_A.c.o
[ 13%] Building C object sdl/CMakeFiles/SDL3-static.dir/src/video/SDL_blit_N.c.o
[ 13%] Building C object sdl/CMakeFiles/SDL3-static.dir/src/video/SDL_blit_auto.c.o
[ 13%] Building CXX object bgfx/cmake/bgfx/CMakeFiles/tint.dir/__/__/__/bgfx/3rdparty/dawn/src/tint/lang/core/constant/manager.cc.o
[ 13%] Building CXX object bgfx/cmake/bgfx/CMakeFiles/spirv-opt.dir/__/__/__/bgfx/3rdparty/spirv-tools/source/opt/amd_ext_to_khr.cpp.o
[ 13%] Building C object sdl/CMakeFiles/SDL3-static.dir/src/video/SDL_blit_copy.c.o
[ 13%] Building C object sdl/CMakeFiles/SDL3-static.dir/src/video/SDL_blit_slow.c.o
[ 13%] Building C object sdl/CMakeFiles/SDL3-static.dir/src/video/SDL_bmp.c.o
[ 13%] Building C object sdl/CMakeFiles/SDL3-static.dir/src/video/SDL_clipboard.c.o
[ 13%] Building C object sdl/CMakeFiles/SDL3-static.dir/src/video/SDL_egl.c.o
[ 13%] Building C object sdl/CMakeFiles/SDL3-static.dir/src/video/SDL_fillrect.c.o
[ 13%] Building CXX object bgfx/cmake/bgfx/CMakeFiles/tint.dir/__/__/__/bgfx/3rdparty/dawn/src/tint/lang/core/constant/node.cc.o
[ 13%] Building C object sdl/CMakeFiles/SDL3-static.dir/src/video/SDL_pixels.c.o
[ 13%] Building C object sdl/CMakeFiles/SDL3-static.dir/src/video/SDL_rect.c.o
[ 14%] Building C object sdl/CMakeFiles/SDL3-static.dir/src/video/SDL_rotate.c.o
[ 14%] Building CXX object bgfx/cmake/bgfx/CMakeFiles/spirv-cross.dir/__/__/__/bgfx/3rdparty/spirv-cross/spirv_cross_parsed_ir.cpp.o
[ 14%] Building C object sdl/CMakeFiles/SDL3-static.dir/src/video/SDL_stb.c.o
[ 14%] Building CXX object bgfx/cmake/bgfx/CMakeFiles/tint.dir/__/__/__/bgfx/3rdparty/dawn/src/tint/lang/core/constant/scalar.cc.o
[ 14%] Building CXX object bgfx/cmake/bgfx/CMakeFiles/spirv-opt.dir/__/__/__/bgfx/3rdparty/spirv-tools/source/opt/analyze_live_input_pass.cpp.o
[ 14%] Building C object sdl/CMakeFiles/SDL3-static.dir/src/video/SDL_stretch.c.o
[ 14%] Building C object sdl/CMakeFiles/SDL3-static.dir/src/video/SDL_surface.c.o
[ 14%] Building CXX object bgfx/cmake/bgfx/CMakeFiles/tint.dir/__/__/__/bgfx/3rdparty/dawn/src/tint/lang/core/constant/splat.cc.o
[ 14%] Building C object sdl/CMakeFiles/SDL3-static.dir/src/video/SDL_video.c.o
[ 14%] Building CXX object bgfx/cmake/bgfx/CMakeFiles/spirv-cross.dir/__/__/__/bgfx/3rdparty/spirv-cross/spirv_cross_util.cpp.o
[ 14%] Building C object sdl/CMakeFiles/SDL3-static.dir/src/video/SDL_video_unsupported.c.o
[ 14%] Building C object sdl/CMakeFiles/SDL3-static.dir/src/video/SDL_vulkan_utils.c.o
[ 14%] Building C object sdl/CMakeFiles/SDL3-static.dir/src/video/SDL_yuv.c.o
[ 14%] Building CXX object bgfx/cmake/bgfx/CMakeFiles/tint.dir/__/__/__/bgfx/3rdparty/dawn/src/tint/lang/core/constant/string.cc.o
[ 14%] Building C object sdl/CMakeFiles/SDL3-static.dir/src/video/yuv2rgb/yuv_rgb_lsx.c.o
[ 14%] Building C object sdl/CMakeFiles/SDL3-static.dir/src/video/yuv2rgb/yuv_rgb_sse.c.o
[ 14%] Building C object sdl/CMakeFiles/SDL3-static.dir/src/video/yuv2rgb/yuv_rgb_std.c.o
[ 14%] Building CXX object bgfx/cmake/bgfx/CMakeFiles/spirv-cross.dir/__/__/__/bgfx/3rdparty/spirv-cross/spirv_glsl.cpp.o
[ 15%] Building C object sdl/CMakeFiles/SDL3-static.dir/src/libm/e_atan2.c.o
[ 15%] Building C object sdl/CMakeFiles/SDL3-static.dir/src/libm/e_exp.c.o
[ 15%] Building C object sdl/CMakeFiles/SDL3-static.dir/src/libm/e_fmod.c.o
[ 15%] Building C object sdl/CMakeFiles/SDL3-static.dir/src/libm/e_log.c.o
[ 15%] Building CXX object bgfx/cmake/bgfx/CMakeFiles/spirv-opt.dir/__/__/__/bgfx/3rdparty/spirv-tools/source/opt/basic_block.cpp.o
[ 15%] Building C object sdl/CMakeFiles/SDL3-static.dir/src/libm/e_log10.c.o
[ 15%] Building C object sdl/CMakeFiles/SDL3-static.dir/src/libm/e_pow.c.o
[ 15%] Building C object sdl/CMakeFiles/SDL3-static.dir/src/libm/e_rem_pio2.c.o
[ 15%] Building C object sdl/CMakeFiles/SDL3-static.dir/src/libm/e_sqrt.c.o
[ 15%] Building C object sdl/CMakeFiles/SDL3-static.dir/src/libm/k_cos.c.o
[ 15%] Building C object sdl/CMakeFiles/SDL3-static.dir/src/libm/k_rem_pio2.c.o
[ 15%] Building CXX object bgfx/cmake/bgfx/CMakeFiles/tint.dir/__/__/__/bgfx/3rdparty/dawn/src/tint/lang/core/constant/value.cc.o
[ 15%] Building C object sdl/CMakeFiles/SDL3-static.dir/src/libm/k_sin.c.o
[ 15%] Building C object sdl/CMakeFiles/SDL3-static.dir/src/libm/k_tan.c.o
/Users/worldbuilder/Desktop/Booter & BigARM/Engine/.cache/probe-sources/bgfx/3rdparty/spirv-cross/spirv_glsl.cpp:4395:16: warning: implicit capture of 'this' with a capture default of '=' is deprecated [-Wdeprecated-this-capture]
 4395 |                                         auto &c = this->get<SPIRConstant>(var.initializer);
      |                                                   ^
/Users/worldbuilder/Desktop/Booter & BigARM/Engine/.cache/probe-sources/bgfx/3rdparty/spirv-cross/spirv_glsl.cpp:4393:42: note: add an explicit capture of 'this' to capture '*this' by reference
 4393 |                                 entry_func.fixup_hooks_in.push_back([=, &var]() {
      |                                                                      ^
      |                                                                       , this
[ 16%] Building C object sdl/CMakeFiles/SDL3-static.dir/src/libm/s_atan.c.o
[ 16%] Building C object sdl/CMakeFiles/SDL3-static.dir/src/libm/s_copysign.c.o
[ 16%] Building C object sdl/CMakeFiles/SDL3-static.dir/src/libm/s_cos.c.o
[ 16%] Building C object sdl/CMakeFiles/SDL3-static.dir/src/libm/s_fabs.c.o
[ 16%] Building C object sdl/CMakeFiles/SDL3-static.dir/src/libm/s_floor.c.o
[ 16%] Building C object sdl/CMakeFiles/SDL3-static.dir/src/libm/s_isinf.c.o
/Users/worldbuilder/Desktop/Booter & BigARM/Engine/.cache/probe-sources/bgfx/3rdparty/spirv-cross/spirv_glsl.cpp:20335:8: warning: implicit capture of 'this' with a capture default of '=' is deprecated [-Wdeprecated-this-capture]
 20335 |                         if (is_legacy())
       |                             ^
/Users/worldbuilder/Desktop/Booter & BigARM/Engine/.cache/probe-sources/bgfx/3rdparty/spirv-cross/spirv_glsl.cpp:20334:34: note: add an explicit capture of 'this' to capture '*this' by reference
 20334 |                 func.fixup_hooks_in.push_back([=]() {
       |                                                ^
       |                                                 , this
[ 16%] Building C object sdl/CMakeFiles/SDL3-static.dir/src/libm/s_isinff.c.o
[ 16%] Building C object sdl/CMakeFiles/SDL3-static.dir/src/libm/s_isnan.c.o
[ 16%] Building C object sdl/CMakeFiles/SDL3-static.dir/src/libm/s_isnanf.c.o
[ 16%] Building C object sdl/CMakeFiles/SDL3-static.dir/src/libm/s_modf.c.o
[ 16%] Building C object sdl/CMakeFiles/SDL3-static.dir/src/libm/s_scalbn.c.o
[ 17%] Building C object sdl/CMakeFiles/SDL3-static.dir/src/libm/s_sin.c.o
[ 17%] Building C object sdl/CMakeFiles/SDL3-static.dir/src/libm/s_tan.c.o
[ 17%] Building C object sdl/CMakeFiles/SDL3-static.dir/src/audio/dummy/SDL_dummyaudio.c.o
[ 17%] Building C object sdl/CMakeFiles/SDL3-static.dir/src/audio/disk/SDL_diskaudio.c.o
[ 17%] Building C object sdl/CMakeFiles/SDL3-static.dir/src/camera/dummy/SDL_camera_dummy.c.o
[ 17%] Building C object sdl/CMakeFiles/SDL3-static.dir/src/loadso/dlopen/SDL_sysloadso.c.o
[ 17%] Building CXX object bgfx/cmake/bgfx/CMakeFiles/tint.dir/__/__/__/bgfx/3rdparty/dawn/src/tint/lang/core/enums.cc.o
[ 17%] Building C object sdl/CMakeFiles/SDL3-static.dir/src/joystick/virtual/SDL_virtualjoystick.c.o
[ 17%] Building C object sdl/CMakeFiles/SDL3-static.dir/src/video/dummy/SDL_nullevents.c.o
[ 17%] Building C object sdl/CMakeFiles/SDL3-static.dir/src/video/dummy/SDL_nullframebuffer.c.o
[ 17%] Building C object sdl/CMakeFiles/SDL3-static.dir/src/video/dummy/SDL_nullvideo.c.o
[ 17%] Building OBJC object sdl/CMakeFiles/SDL3-static.dir/src/camera/coremedia/SDL_camera_coremedia.m.o
[ 17%] Building CXX object bgfx/cmake/bgfx/CMakeFiles/tint.dir/__/__/__/bgfx/3rdparty/dawn/src/tint/lang/core/intrinsic/ctor_conv.cc.o
[ 17%] Building CXX object bgfx/cmake/bgfx/CMakeFiles/spirv-opt.dir/__/__/__/bgfx/3rdparty/spirv-tools/source/opt/block_merge_pass.cpp.o
[ 17%] Building OBJC object sdl/CMakeFiles/SDL3-static.dir/src/misc/macos/SDL_sysurl.m.o
[ 17%] Building CXX object bgfx/cmake/bgfx/CMakeFiles/tint.dir/__/__/__/bgfx/3rdparty/dawn/src/tint/lang/core/intrinsic/data.cc.o
[ 18%] Building OBJC object sdl/CMakeFiles/SDL3-static.dir/src/audio/coreaudio/SDL_coreaudio.m.o
[ 18%] Building C object sdl/CMakeFiles/SDL3-static.dir/src/joystick/hidapi/SDL_hidapi_8bitdo.c.o
[ 18%] Building C object sdl/CMakeFiles/SDL3-static.dir/src/joystick/hidapi/SDL_hidapi_combined.c.o
[ 18%] Building CXX object bgfx/cmake/bgfx/CMakeFiles/spirv-opt.dir/__/__/__/bgfx/3rdparty/spirv-tools/source/opt/block_merge_util.cpp.o
[ 18%] Building C object sdl/CMakeFiles/SDL3-static.dir/src/joystick/hidapi/SDL_hidapi_flydigi.c.o
[ 18%] Building C object sdl/CMakeFiles/SDL3-static.dir/src/joystick/hidapi/SDL_hidapi_gamecube.c.o
[ 18%] Building C object sdl/CMakeFiles/SDL3-static.dir/src/joystick/hidapi/SDL_hidapi_gip.c.o
[ 18%] Building C object sdl/CMakeFiles/SDL3-static.dir/src/joystick/hidapi/SDL_hidapi_lg4ff.c.o
[ 18%] Building C object sdl/CMakeFiles/SDL3-static.dir/src/joystick/hidapi/SDL_hidapi_luna.c.o
[ 18%] Building C object sdl/CMakeFiles/SDL3-static.dir/src/joystick/hidapi/SDL_hidapi_ps3.c.o
[ 18%] Building C object sdl/CMakeFiles/SDL3-static.dir/src/joystick/hidapi/SDL_hidapi_ps4.c.o
[ 20%] Building CXX object bgfx/cmake/bgfx/CMakeFiles/tint.dir/__/__/__/bgfx/3rdparty/dawn/src/tint/lang/core/intrinsic/table.cc.o
[ 20%] Building C object sdl/CMakeFiles/SDL3-static.dir/src/joystick/hidapi/SDL_hidapi_ps5.c.o
[ 21%] Building C object sdl/CMakeFiles/SDL3-static.dir/src/joystick/hidapi/SDL_hidapi_rumble.c.o
[ 21%] Building C object sdl/CMakeFiles/SDL3-static.dir/src/joystick/hidapi/SDL_hidapi_shield.c.o
[ 21%] Building C object sdl/CMakeFiles/SDL3-static.dir/src/joystick/hidapi/SDL_hidapi_sinput.c.o
[ 21%] Building C object sdl/CMakeFiles/SDL3-static.dir/src/joystick/hidapi/SDL_hidapi_stadia.c.o
[ 21%] Building C object sdl/CMakeFiles/SDL3-static.dir/src/joystick/hidapi/SDL_hidapi_steam.c.o
[ 21%] Building C object sdl/CMakeFiles/SDL3-static.dir/src/joystick/hidapi/SDL_hidapi_steam_hori.c.o
[ 21%] Building C object sdl/CMakeFiles/SDL3-static.dir/src/joystick/hidapi/SDL_hidapi_steam_triton.c.o
[ 21%] Building C object sdl/CMakeFiles/SDL3-static.dir/src/joystick/hidapi/SDL_hidapi_steamdeck.c.o
[ 21%] Building C object sdl/CMakeFiles/SDL3-static.dir/src/joystick/hidapi/SDL_hidapi_switch.c.o
[ 21%] Building C object sdl/CMakeFiles/SDL3-static.dir/src/joystick/hidapi/SDL_hidapi_switch2.c.o
[ 21%] Building C object sdl/CMakeFiles/SDL3-static.dir/src/joystick/hidapi/SDL_hidapi_wii.c.o
[ 21%] Building CXX object bgfx/cmake/bgfx/CMakeFiles/spirv-opt.dir/__/__/__/bgfx/3rdparty/spirv-tools/source/opt/build_module.cpp.o
[ 22%] Building C object sdl/CMakeFiles/SDL3-static.dir/src/joystick/hidapi/SDL_hidapi_xbox360.c.o
[ 22%] Building C object sdl/CMakeFiles/SDL3-static.dir/src/joystick/hidapi/SDL_hidapi_xbox360w.c.o
[ 22%] Building C object sdl/CMakeFiles/SDL3-static.dir/src/joystick/hidapi/SDL_hidapi_xboxone.c.o
[ 22%] Building C object sdl/CMakeFiles/SDL3-static.dir/src/joystick/hidapi/SDL_hidapi_zuiki.c.o
[ 22%] Building C object sdl/CMakeFiles/SDL3-static.dir/src/joystick/hidapi/SDL_hidapijoystick.c.o
[ 22%] Building CXX object bgfx/cmake/bgfx/CMakeFiles/tint.dir/__/__/__/bgfx/3rdparty/dawn/src/tint/lang/core/ir/access.cc.o
[ 22%] Building C object sdl/CMakeFiles/SDL3-static.dir/src/joystick/hidapi/SDL_report_descriptor.c.o
[ 22%] Building C object sdl/CMakeFiles/SDL3-static.dir/src/haptic/hidapi/SDL_hidapihaptic.c.o
[ 22%] Building C object sdl/CMakeFiles/SDL3-static.dir/src/haptic/hidapi/SDL_hidapihaptic_lg4ff.c.o
[ 22%] Building OBJC object sdl/CMakeFiles/SDL3-static.dir/src/joystick/apple/SDL_mfijoystick.m.o
[ 22%] Building C object sdl/CMakeFiles/SDL3-static.dir/src/joystick/darwin/SDL_iokitjoystick.c.o
[ 22%] Building CXX object bgfx/cmake/bgfx/CMakeFiles/tint.dir/__/__/__/bgfx/3rdparty/dawn/src/tint/lang/core/ir/analysis/for_loop_analysis.cc.o
[ 22%] Building C object sdl/CMakeFiles/SDL3-static.dir/src/haptic/darwin/SDL_syshaptic.c.o
[ 22%] Building C object sdl/CMakeFiles/SDL3-static.dir/src/power/macos/SDL_syspower.c.o
[ 22%] Building CXX object bgfx/cmake/bgfx/CMakeFiles/spirv-opt.dir/__/__/__/bgfx/3rdparty/spirv-tools/source/opt/canonicalize_ids_pass.cpp.o
2 warnings generated.
[ 23%] Building OBJC object sdl/CMakeFiles/SDL3-static.dir/src/locale/macos/SDL_syslocale.m.o
[ 23%] Building CXX object bgfx/cmake/bgfx/CMakeFiles/spirv-cross.dir/__/__/__/bgfx/3rdparty/spirv-cross/spirv_hlsl.cpp.o
[ 23%] Building C object sdl/CMakeFiles/SDL3-static.dir/src/time/unix/SDL_systime.c.o
[ 23%] Building C object sdl/CMakeFiles/SDL3-static.dir/src/timer/unix/SDL_systimer.c.o
[ 23%] Building OBJC object sdl/CMakeFiles/SDL3-static.dir/src/filesystem/cocoa/SDL_sysfilesystem.m.o
[ 23%] Building CXX object bgfx/cmake/bgfx/CMakeFiles/tint.dir/__/__/__/bgfx/3rdparty/dawn/src/tint/lang/core/ir/analysis/integer_range_analysis.cc.o
[ 23%] Building C object sdl/CMakeFiles/SDL3-static.dir/src/storage/generic/SDL_genericstorage.c.o
[ 23%] Building C object sdl/CMakeFiles/SDL3-static.dir/src/storage/steam/SDL_steamstorage.c.o
[ 23%] Building C object sdl/CMakeFiles/SDL3-static.dir/src/filesystem/posix/SDL_sysfsops.c.o
[ 23%] Building OBJC object sdl/CMakeFiles/SDL3-static.dir/src/video/cocoa/SDL_cocoaclipboard.m.o
[ 23%] Building CXX object bgfx/cmake/bgfx/CMakeFiles/spirv-opt.dir/__/__/__/bgfx/3rdparty/spirv-tools/source/opt/ccp_pass.cpp.o
[ 23%] Building OBJC object sdl/CMakeFiles/SDL3-static.dir/src/video/cocoa/SDL_cocoaevents.m.o
[ 23%] Building CXX object bgfx/cmake/bgfx/CMakeFiles/tint.dir/__/__/__/bgfx/3rdparty/dawn/src/tint/lang/core/ir/analysis/loop_analysis.cc.o
[ 23%] Building OBJC object sdl/CMakeFiles/SDL3-static.dir/src/video/cocoa/SDL_cocoakeyboard.m.o
[ 23%] Building CXX object bgfx/cmake/bgfx/CMakeFiles/tint.dir/__/__/__/bgfx/3rdparty/dawn/src/tint/lang/core/ir/analysis/subgroup_matrix.cc.o
[ 23%] Building OBJC object sdl/CMakeFiles/SDL3-static.dir/src/video/cocoa/SDL_cocoamessagebox.m.o
[ 23%] Building CXX object bgfx/cmake/bgfx/CMakeFiles/spirv-opt.dir/__/__/__/bgfx/3rdparty/spirv-tools/source/opt/cfg.cpp.o
[ 23%] Building CXX object bgfx/cmake/bgfx/CMakeFiles/spirv-cross.dir/__/__/__/bgfx/3rdparty/spirv-cross/spirv_msl.cpp.o
[ 23%] Building CXX object bgfx/cmake/bgfx/CMakeFiles/tint.dir/__/__/__/bgfx/3rdparty/dawn/src/tint/lang/core/ir/binary.cc.o
[ 24%] Building OBJC object sdl/CMakeFiles/SDL3-static.dir/src/video/cocoa/SDL_cocoametalview.m.o
/Users/worldbuilder/Desktop/Booter & BigARM/Engine/.cache/probe-sources/bgfx/3rdparty/spirv-cross/spirv_msl.cpp:2774:28: warning: implicit capture of 'this' with a capture default of '=' is deprecated [-Wdeprecated-this-capture]
 2774 |                                         uint32_t array_size = to_array_size_literal(type);
      |                                                               ^
/Users/worldbuilder/Desktop/Booter & BigARM/Engine/.cache/probe-sources/bgfx/3rdparty/spirv-cross/spirv_msl.cpp:2771:41: note: add an explicit capture of 'this' to capture '*this' by reference
 2771 |                         entry_func.fixup_hooks_in.push_back([=, &type, &var]() {
      |                                                              ^
      |                                                               , this
/Users/worldbuilder/Desktop/Booter & BigARM/Engine/.cache/probe-sources/bgfx/3rdparty/spirv-cross/spirv_msl.cpp:2794:28: warning: implicit capture of 'this' with a capture default of '=' is deprecated [-Wdeprecated-this-capture]
 2794 |                                         uint32_t array_size = to_array_size_literal(type);
      |                                                               ^
/Users/worldbuilder/Desktop/Booter & BigARM/Engine/.cache/probe-sources/bgfx/3rdparty/spirv-cross/spirv_msl.cpp:2791:42: note: add an explicit capture of 'this' to capture '*this' by reference
 2791 |                         entry_func.fixup_hooks_out.push_back([=, &type, &var]() {
      |                                                               ^
      |                                                                , this
/Users/worldbuilder/Desktop/Booter & BigARM/Engine/.cache/probe-sources/bgfx/3rdparty/spirv-cross/spirv_msl.cpp:2892:5: warning: implicit capture of 'this' with a capture default of '=' is deprecated [-Wdeprecated-this-capture]
 2892 |                                 statement(qual_var_name, vector_swizzle(type_components, start_component), " = ", to_name(var.self),
      |                                 ^
/Users/worldbuilder/Desktop/Booter & BigARM/Engine/.cache/probe-sources/bgfx/3rdparty/spirv-cross/spirv_msl.cpp:2891:42: note: add an explicit capture of 'this' to capture '*this' by reference
 2891 |                         entry_func.fixup_hooks_out.push_back([=, &var]() {
      |                                                               ^
      |                                                                , this
/Users/worldbuilder/Desktop/Booter & BigARM/Engine/.cache/probe-sources/bgfx/3rdparty/spirv-cross/spirv_msl.cpp:2899:5: warning: implicit capture of 'this' with a capture default of '=' is deprecated [-Wdeprecated-this-capture]
 2899 |                                 statement(to_name(var.self), " = ", qual_var_name, vector_swizzle(type_components, start_component),
      |                                 ^
/Users/worldbuilder/Desktop/Booter & BigARM/Engine/.cache/probe-sources/bgfx/3rdparty/spirv-cross/spirv_msl.cpp:2898:41: note: add an explicit capture of 'this' to capture '*this' by reference
 2898 |                         entry_func.fixup_hooks_in.push_back([=, &var]() {
      |                                                              ^
      |                                                               , this
/Users/worldbuilder/Desktop/Booter & BigARM/Engine/.cache/probe-sources/bgfx/3rdparty/spirv-cross/spirv_msl.cpp:2912:22: warning: implicit capture of 'this' with a capture default of '=' is deprecated [-Wdeprecated-this-capture]
 2912 |                             [=, &var]() { statement(to_name(var.self), " = ", to_expression(var.initializer), ";"); });
      |                                           ^
/Users/worldbuilder/Desktop/Booter & BigARM/Engine/.cache/probe-sources/bgfx/3rdparty/spirv-cross/spirv_msl.cpp:2912:9: note: add an explicit capture of 'this' to capture '*this' by reference
 2912 |                             [=, &var]() { statement(to_name(var.self), " = ", to_expression(var.initializer), ";"); });
      |                              ^
      |                               , this
/Users/worldbuilder/Desktop/Booter & BigARM/Engine/.cache/probe-sources/bgfx/3rdparty/spirv-cross/spirv_msl.cpp:2919:23: warning: implicit capture of 'this' with a capture default of '=' is deprecated [-Wdeprecated-this-capture]
 2919 |                                         uint32_t index = get_extended_decoration(var.self, SPIRVCrossDecorationInterfaceMemberIndex);
      |                                                          ^
/Users/worldbuilder/Desktop/Booter & BigARM/Engine/.cache/probe-sources/bgfx/3rdparty/spirv-cross/spirv_msl.cpp:2918:42: note: add an explicit capture of 'this' to capture '*this' by reference
 2918 |                                 entry_func.fixup_hooks_in.push_back([=, &var]() {
      |                                                                      ^
      |                                                                       , this
/Users/worldbuilder/Desktop/Booter & BigARM/Engine/.cache/probe-sources/bgfx/3rdparty/spirv-cross/spirv_msl.cpp:2930:6: warning: implicit capture of 'this' with a capture default of '=' is deprecated [-Wdeprecated-this-capture]
 2930 |                                         statement(qual_var_name, " = ", to_expression(var.initializer), ";");
      |                                         ^
/Users/worldbuilder/Desktop/Booter & BigARM/Engine/.cache/probe-sources/bgfx/3rdparty/spirv-cross/spirv_msl.cpp:2929:42: note: add an explicit capture of 'this' to capture '*this' by reference
 2929 |                                 entry_func.fixup_hooks_in.push_back([=, &var]() {
      |                                                                      ^
      |                                                                       , this
/Users/worldbuilder/Desktop/Booter & BigARM/Engine/.cache/probe-sources/bgfx/3rdparty/spirv-cross/spirv_msl.cpp:3179:10: warning: implicit capture of 'this' with a capture default of '=' is deprecated [-Wdeprecated-this-capture]
 3179 |                                         if (pull_model_inputs.count(var.self))
      |                                             ^
/Users/worldbuilder/Desktop/Booter & BigARM/Engine/.cache/probe-sources/bgfx/3rdparty/spirv-cross/spirv_msl.cpp:3178:42: note: add an explicit capture of 'this' to capture '*this' by reference
 3178 |                                 entry_func.fixup_hooks_in.push_back([=, &var]() {
      |                                                                      ^
      |                                                                       , this
/Users/worldbuilder/Desktop/Booter & BigARM/Engine/.cache/probe-sources/bgfx/3rdparty/spirv-cross/spirv_msl.cpp:3201:27: warning: implicit capture of 'this' with a capture default of '=' is deprecated [-Wdeprecated-this-capture]
 3201 |                                                 auto &padded_type = this->get<SPIRType>(type_id);
      |                                                                     ^
/Users/worldbuilder/Desktop/Booter & BigARM/Engine/.cache/probe-sources/bgfx/3rdparty/spirv-cross/spirv_msl.cpp:3198:43: note: add an explicit capture of 'this' to capture '*this' by reference
 3198 |                                 entry_func.fixup_hooks_out.push_back([=, &var]() {
      |                                                                       ^
      |                                                                        , this
/Users/worldbuilder/Desktop/Booter & BigARM/Engine/.cache/probe-sources/bgfx/3rdparty/spirv-cross/spirv_msl.cpp:3437:10: warning: implicit capture of 'this' with a capture default of '=' is deprecated [-Wdeprecated-this-capture]
 3437 |                                         if (pull_model_inputs.count(var.self))
      |                                             ^
/Users/worldbuilder/Desktop/Booter & BigARM/Engine/.cache/probe-sources/bgfx/3rdparty/spirv-cross/spirv_msl.cpp:3434:42: note: add an explicit capture of 'this' to capture '*this' by reference
 3434 |                                 entry_func.fixup_hooks_in.push_back([=, &var]() {
      |                                                                      ^
      |                                                                       , this
/Users/worldbuilder/Desktop/Booter & BigARM/Engine/.cache/probe-sources/bgfx/3rdparty/spirv-cross/spirv_msl.cpp:3455:7: warning: implicit capture of 'this' with a capture default of '=' is deprecated [-Wdeprecated-this-capture]
 3455 |                                                 statement(ib_var_ref, ".", mbr_name, " = ", ib_var_ref, ".", flatten_from_ib_mbr_name, "[", i, "];");
      |                                                 ^
/Users/worldbuilder/Desktop/Booter & BigARM/Engine/.cache/probe-sources/bgfx/3rdparty/spirv-cross/spirv_msl.cpp:3453:43: note: add an explicit capture of 'this' to capture '*this' by reference
 3453 |                                 entry_func.fixup_hooks_out.push_back([=]() {
      |                                                                       ^
      |                                                                        , this
/Users/worldbuilder/Desktop/Booter & BigARM/Engine/.cache/probe-sources/bgfx/3rdparty/spirv-cross/spirv_msl.cpp:3584:5: warning: implicit capture of 'this' with a capture default of '=' is deprecated [-Wdeprecated-this-capture]
 3584 |                                 statement(var_chain, " = ", qual_var_name, swizzle, ";");
      |                                 ^
/Users/worldbuilder/Desktop/Booter & BigARM/Engine/.cache/probe-sources/bgfx/3rdparty/spirv-cross/spirv_msl.cpp:3579:41: note: add an explicit capture of 'this' to capture '*this' by reference
 3579 |                         entry_func.fixup_hooks_in.push_back([=]() {
      |                                                              ^
      |                                                               , this
/Users/worldbuilder/Desktop/Booter & BigARM/Engine/.cache/probe-sources/bgfx/3rdparty/spirv-cross/spirv_msl.cpp:3591:5: warning: implicit capture of 'this' with a capture default of '=' is deprecated [-Wdeprecated-this-capture]
 3591 |                                 statement(qual_var_name, " = ", var_chain, ";");
      |                                 ^
/Users/worldbuilder/Desktop/Booter & BigARM/Engine/.cache/probe-sources/bgfx/3rdparty/spirv-cross/spirv_msl.cpp:3590:42: note: add an explicit capture of 'this' to capture '*this' by reference
 3590 |                         entry_func.fixup_hooks_out.push_back([=]() {
      |                                                               ^
      |                                                                , this
/Users/worldbuilder/Desktop/Booter & BigARM/Engine/.cache/probe-sources/bgfx/3rdparty/spirv-cross/spirv_msl.cpp:3631:18: warning: implicit capture of 'this' with a capture default of '=' is deprecated [-Wdeprecated-this-capture]
 3631 |                                 auto &type = this->get<SPIRType>(var.basetype);
      |                                              ^
/Users/worldbuilder/Desktop/Booter & BigARM/Engine/.cache/probe-sources/bgfx/3rdparty/spirv-cross/spirv_msl.cpp:3630:41: note: add an explicit capture of 'this' to capture '*this' by reference
 3630 |                         entry_func.fixup_hooks_in.push_back([=, &var]() {
      |                                                              ^
      |                                                               , this
/Users/worldbuilder/Desktop/Booter & BigARM/Engine/.cache/probe-sources/bgfx/3rdparty/spirv-cross/spirv_msl.cpp:3645:5: warning: implicit capture of 'this' with a capture default of '=' is deprecated [-Wdeprecated-this-capture]
 3645 |                                 statement(qual_var_name, " = ", constant_expression(
      |                                 ^
/Users/worldbuilder/Desktop/Booter & BigARM/Engine/.cache/probe-sources/bgfx/3rdparty/spirv-cross/spirv_msl.cpp:3644:41: note: add an explicit capture of 'this' to capture '*this' by reference
 3644 |                         entry_func.fixup_hooks_in.push_back([=]() {
      |                                                              ^
      |                                                               , this
/Users/worldbuilder/Desktop/Booter & BigARM/Engine/.cache/probe-sources/bgfx/3rdparty/spirv-cross/spirv_msl.cpp:3767:8: warning: implicit capture of 'this' with a capture default of '=' is deprecated [-Wdeprecated-this-capture]
 3767 |                             statement(var_name, "[0] = ", base_ref, ".", mbr_name, "[0];");
      |                             ^
/Users/worldbuilder/Desktop/Booter & BigARM/Engine/.cache/probe-sources/bgfx/3rdparty/spirv-cross/spirv_msl.cpp:3765:8: note: add an explicit capture of 'this' to capture '*this' by reference
 3765 |                     [=]()
      |                      ^
      |                       , this
/Users/worldbuilder/Desktop/Booter & BigARM/Engine/.cache/probe-sources/bgfx/3rdparty/spirv-cross/spirv_msl.cpp:3779:9: warning: implicit capture of 'this' with a capture default of '=' is deprecated [-Wdeprecated-this-capture]
 3779 |                                 if (msl_options.raw_buffer_tese_input)
      |                                     ^
/Users/worldbuilder/Desktop/Booter & BigARM/Engine/.cache/probe-sources/bgfx/3rdparty/spirv-cross/spirv_msl.cpp:3776:40: note: add an explicit capture of 'this' to capture '*this' by reference
 3776 |                 entry_func.fixup_hooks_in.push_back([=]() {
      |                                                      ^
      |                                                       , this
/Users/worldbuilder/Desktop/Booter & BigARM/Engine/.cache/probe-sources/bgfx/3rdparty/spirv-cross/spirv_msl.cpp:4396:9: warning: implicit capture of 'this' with a capture default of '=' is deprecated [-Wdeprecated-this-capture]
 4396 |                                 if (msl_options.multi_patch_workgroup)
      |                                     ^
/Users/worldbuilder/Desktop/Booter & BigARM/Engine/.cache/probe-sources/bgfx/3rdparty/spirv-cross/spirv_msl.cpp:4394:41: note: add an explicit capture of 'this' to capture '*this' by reference
 4394 |                         entry_func.fixup_hooks_in.push_back([=]() {
      |                                                              ^
      |                                                               , this
/Users/worldbuilder/Desktop/Booter & BigARM/Engine/.cache/probe-sources/bgfx/3rdparty/spirv-cross/spirv_msl.cpp:4427:10: warning: implicit capture of 'this' with a capture default of '=' is deprecated [-Wdeprecated-this-capture]
 4427 |                                             statement("const device ", to_name(ir.default_entry_point), "_", ib_var_ref, "& ", ib_var_ref,
      |                                             ^
/Users/worldbuilder/Desktop/Booter & BigARM/Engine/.cache/probe-sources/bgfx/3rdparty/spirv-cross/spirv_msl.cpp:4425:10: note: add an explicit capture of 'this' to capture '*this' by reference
 4425 |                                     [=]()
      |                                      ^
      |                                       , this
/Users/worldbuilder/Desktop/Booter & BigARM/Engine/.cache/probe-sources/bgfx/3rdparty/spirv-cross/spirv_msl.cpp:4437:10: warning: implicit capture of 'this' with a capture default of '=' is deprecated [-Wdeprecated-this-capture]
 4437 |                                             statement("const device ", to_name(ir.default_entry_point), "_", ib_var_ref, "* gl_in = &",
      |                                             ^
/Users/worldbuilder/Desktop/Booter & BigARM/Engine/.cache/probe-sources/bgfx/3rdparty/spirv-cross/spirv_msl.cpp:4435:10: note: add an explicit capture of 'this' to capture '*this' by reference
 4435 |                                     [=]()
      |                                      ^
      |                                       , this
/Users/worldbuilder/Desktop/Booter & BigARM/Engine/.cache/probe-sources/bgfx/3rdparty/spirv-cross/spirv_msl.cpp:4485:10: warning: implicit capture of 'this' with a capture default of '=' is deprecated [-Wdeprecated-this-capture]
 4485 |                                         if (stage_out_var_id)
      |                                             ^
/Users/worldbuilder/Desktop/Booter & BigARM/Engine/.cache/probe-sources/bgfx/3rdparty/spirv-cross/spirv_msl.cpp:4484:42: note: add an explicit capture of 'this' to capture '*this' by reference
 4484 |                                 entry_func.fixup_hooks_in.push_back([=]() {
      |                                                                      ^
      |                                                                       , this
/Users/worldbuilder/Desktop/Booter & BigARM/Engine/.cache/probe-sources/bgfx/3rdparty/spirv-cross/spirv_msl.cpp:4521:8: warning: implicit capture of 'this' with a capture default of '=' is deprecated [-Wdeprecated-this-capture]
 4521 |                                                         statement("device ", to_name(ir.default_entry_point), "_", ib_var_ref, "& ", ib_var_ref,
      |                                                         ^
/Users/worldbuilder/Desktop/Booter & BigARM/Engine/.cache/probe-sources/bgfx/3rdparty/spirv-cross/spirv_msl.cpp:4520:44: note: add an explicit capture of 'this' to capture '*this' by reference
 4520 |                                                 entry_func.fixup_hooks_in.push_back([=]() {
      |                                                                                      ^
      |                                                                                       , this
/Users/worldbuilder/Desktop/Booter & BigARM/Engine/.cache/probe-sources/bgfx/3rdparty/spirv-cross/spirv_msl.cpp:4529:8: warning: implicit capture of 'this' with a capture default of '=' is deprecated [-Wdeprecated-this-capture]
 4529 |                                                         statement("device ", to_name(ir.default_entry_point), "_", ib_var_ref, "* gl_out = &",
      |                                                         ^
/Users/worldbuilder/Desktop/Booter & BigARM/Engine/.cache/probe-sources/bgfx/3rdparty/spirv-cross/spirv_msl.cpp:4528:44: note: add an explicit capture of 'this' to capture '*this' by reference
 4528 |                                                 entry_func.fixup_hooks_in.push_back([=]() {
      |                                                                                      ^
      |                                                                                       , this
/Users/worldbuilder/Desktop/Booter & BigARM/Engine/.cache/probe-sources/bgfx/3rdparty/spirv-cross/spirv_msl.cpp:4541:8: warning: implicit capture of 'this' with a capture default of '=' is deprecated [-Wdeprecated-this-capture]
 4541 |                                                         statement("device ", to_name(ir.default_entry_point), "_", ib_var_ref, "& ", ib_var_ref,
      |                                                         ^
/Users/worldbuilder/Desktop/Booter & BigARM/Engine/.cache/probe-sources/bgfx/3rdparty/spirv-cross/spirv_msl.cpp:4540:44: note: add an explicit capture of 'this' to capture '*this' by reference
 4540 |                                                 entry_func.fixup_hooks_in.push_back([=]() {
      |                                                                                      ^
      |                                                                                       , this
/Users/worldbuilder/Desktop/Booter & BigARM/Engine/.cache/probe-sources/bgfx/3rdparty/spirv-cross/spirv_msl.cpp:4549:8: warning: implicit capture of 'this' with a capture default of '=' is deprecated [-Wdeprecated-this-capture]
 4549 |                                                         statement("device ", to_name(ir.default_entry_point), "_", ib_var_ref, "* gl_out = &",
      |                                                         ^
/Users/worldbuilder/Desktop/Booter & BigARM/Engine/.cache/probe-sources/bgfx/3rdparty/spirv-cross/spirv_msl.cpp:4548:44: note: add an explicit capture of 'this' to capture '*this' by reference
 4548 |                                                 entry_func.fixup_hooks_in.push_back([=]() {
      |                                                                                      ^
      |                                                                                       , this
/Users/worldbuilder/Desktop/Booter & BigARM/Engine/.cache/probe-sources/bgfx/3rdparty/spirv-cross/spirv_msl.cpp:14918:32: warning: implicit capture of 'this' with a capture default of '=' is deprecated [-Wdeprecated-this-capture]
 14918 |                                             uint32_t components = is_tessellating_triangles() ? 3 : 4;
       |                                                                   ^
/Users/worldbuilder/Desktop/Booter & BigARM/Engine/.cache/probe-sources/bgfx/3rdparty/spirv-cross/spirv_msl.cpp:14916:10: note: add an explicit capture of 'this' to capture '*this' by reference
 14916 |                                     [=]()
       |                                      ^
       |                                       , this
/Users/worldbuilder/Desktop/Booter & BigARM/Engine/.cache/probe-sources/bgfx/3rdparty/spirv-cross/spirv_msl.cpp:14933:7: warning: implicit capture of 'this' with a capture default of '=' is deprecated [-Wdeprecated-this-capture]
 14933 |                                                 statement(builtin_to_glsl(BuiltInTessLevelInner, StorageClassOutput), " = ", "half(",
       |                                                 ^
/Users/worldbuilder/Desktop/Booter & BigARM/Engine/.cache/probe-sources/bgfx/3rdparty/spirv-cross/spirv_msl.cpp:14932:43: note: add an explicit capture of 'this' to capture '*this' by reference
 14932 |                                         entry_func.fixup_hooks_in.push_back([=]() {
       |                                                                              ^
       |                                                                               , this
/Users/worldbuilder/Desktop/Booter & BigARM/Engine/.cache/probe-sources/bgfx/3rdparty/spirv-cross/spirv_msl.cpp:14942:8: warning: implicit capture of 'this' with a capture default of '=' is deprecated [-Wdeprecated-this-capture]
 14942 |                                                         statement(builtin_to_glsl(BuiltInTessLevelInner, StorageClassOutput), "[", i, "] = ",
       |                                                         ^
/Users/worldbuilder/Desktop/Booter & BigARM/Engine/.cache/probe-sources/bgfx/3rdparty/spirv-cross/spirv_msl.cpp:14939:43: note: add an explicit capture of 'this' to capture '*this' by reference
 14939 |                                         entry_func.fixup_hooks_in.push_back([=]() {
       |                                                                              ^
       |                                                                               , this
/Users/worldbuilder/Desktop/Booter & BigARM/Engine/.cache/probe-sources/bgfx/3rdparty/spirv-cross/spirv_msl.cpp:15541:6: warning: implicit capture of 'this' with a capture default of '=' is deprecated [-Wdeprecated-this-capture]
 15541 |                                         statement(builtin_type_decl(bi_type), " ", to_expression(var_id), " = get_sample_position(",
       |                                         ^
/Users/worldbuilder/Desktop/Booter & BigARM/Engine/.cache/probe-sources/bgfx/3rdparty/spirv-cross/spirv_msl.cpp:15540:42: note: add an explicit capture of 'this' to capture '*this' by reference
 15540 |                                 entry_func.fixup_hooks_in.push_back([=]() {
       |                                                                      ^
       |                                                                       , this
/Users/worldbuilder/Desktop/Booter & BigARM/Engine/.cache/probe-sources/bgfx/3rdparty/spirv-cross/spirv_msl.cpp:15549:7: warning: implicit capture of 'this' with a capture default of '=' is deprecated [-Wdeprecated-this-capture]
 15549 |                                                 statement(to_expression(var_id), ".xy += get_sample_position(",
       |                                                 ^
/Users/worldbuilder/Desktop/Booter & BigARM/Engine/.cache/probe-sources/bgfx/3rdparty/spirv-cross/spirv_msl.cpp:15548:43: note: add an explicit capture of 'this' to capture '*this' by reference
 15548 |                                         entry_func.fixup_hooks_in.push_back([=]() {
       |                                                                              ^
       |                                                                               , this
/Users/worldbuilder/Desktop/Booter & BigARM/Engine/.cache/probe-sources/bgfx/3rdparty/spirv-cross/spirv_msl.cpp:15560:6: warning: implicit capture of 'this' with a capture default of '=' is deprecated [-Wdeprecated-this-capture]
 15560 |                                         statement(builtin_type_decl(bi_type), " ", to_expression(var_id), " = ",
       |                                         ^
/Users/worldbuilder/Desktop/Booter & BigARM/Engine/.cache/probe-sources/bgfx/3rdparty/spirv-cross/spirv_msl.cpp:15559:42: note: add an explicit capture of 'this' to capture '*this' by reference
 15559 |                                 entry_func.fixup_hooks_in.push_back([=]() {
       |                                                                      ^
       |                                                                       , this
/Users/worldbuilder/Desktop/Booter & BigARM/Engine/.cache/probe-sources/bgfx/3rdparty/spirv-cross/spirv_msl.cpp:15572:6: warning: implicit capture of 'this' with a capture default of '=' is deprecated [-Wdeprecated-this-capture]
 15572 |                                         statement(builtin_type_decl(bi_type), " ", to_expression(var_id), " = min(",
       |                                         ^
/Users/worldbuilder/Desktop/Booter & BigARM/Engine/.cache/probe-sources/bgfx/3rdparty/spirv-cross/spirv_msl.cpp:15571:42: note: add an explicit capture of 'this' to capture '*this' by reference
 15571 |                                 entry_func.fixup_hooks_in.push_back([=]() {
       |                                                                      ^
       |                                                                       , this
/Users/worldbuilder/Desktop/Booter & BigARM/Engine/.cache/probe-sources/bgfx/3rdparty/spirv-cross/spirv_msl.cpp:15584:12: warning: implicit capture of 'this' with a capture default of '=' is deprecated [-Wdeprecated-this-capture]
 15584 |                                                             statement(builtin_type_decl(bi_type), " ", to_expression(var_id), " = ",
       |                                                             ^
/Users/worldbuilder/Desktop/Booter & BigARM/Engine/.cache/probe-sources/bgfx/3rdparty/spirv-cross/spirv_msl.cpp:15583:12: note: add an explicit capture of 'this' to capture '*this' by reference
 15583 |                                                     [=]() {
       |                                                      ^
       |                                                       , this
/Users/worldbuilder/Desktop/Booter & BigARM/Engine/.cache/probe-sources/bgfx/3rdparty/spirv-cross/spirv_msl.cpp:15593:12: warning: implicit capture of 'this' with a capture default of '=' is deprecated [-Wdeprecated-this-capture]
 15593 |                                                             statement(builtin_type_decl(bi_type), " ", to_expression(var_id), " = ",
       |                                                             ^
/Users/worldbuilder/Desktop/Booter & BigARM/Engine/.cache/probe-sources/bgfx/3rdparty/spirv-cross/spirv_msl.cpp:15591:12: note: add an explicit capture of 'this' to capture '*this' by reference
 15591 |                                                     [=]()
       |                                                      ^
       |                                                       , this
/Users/worldbuilder/Desktop/Booter & BigARM/Engine/.cache/probe-sources/bgfx/3rdparty/spirv-cross/spirv_msl.cpp:15601:7: warning: implicit capture of 'this' with a capture default of '=' is deprecated [-Wdeprecated-this-capture]
 15601 |                                                 statement(builtin_type_decl(bi_type), " ", to_expression(var_id), " = spvIndirectParams[0];");
       |                                                 ^
/Users/worldbuilder/Desktop/Booter & BigARM/Engine/.cache/probe-sources/bgfx/3rdparty/spirv-cross/spirv_msl.cpp:15600:43: note: add an explicit capture of 'this' to capture '*this' by reference
 15600 |                                         entry_func.fixup_hooks_in.push_back([=]() {
       |                                                                              ^
       |                                                                               , this
/Users/worldbuilder/Desktop/Booter & BigARM/Engine/.cache/probe-sources/bgfx/3rdparty/spirv-cross/spirv_msl.cpp:15611:19: warning: implicit capture of 'this' with a capture default of '=' is deprecated [-Wdeprecated-this-capture]
 15611 |                                                 auto name = builtin_to_glsl(BuiltInTessCoord, StorageClassInput);
       |                                                             ^
/Users/worldbuilder/Desktop/Booter & BigARM/Engine/.cache/probe-sources/bgfx/3rdparty/spirv-cross/spirv_msl.cpp:15610:43: note: add an explicit capture of 'this' to capture '*this' by reference
 15610 |                                         entry_func.fixup_hooks_in.push_back([=]() {
       |                                                                              ^
       |                                                                               , this
/Users/worldbuilder/Desktop/Booter & BigARM/Engine/.cache/probe-sources/bgfx/3rdparty/spirv-cross/spirv_msl.cpp:15621:50: warning: implicit capture of 'this' with a capture default of '=' is deprecated [-Wdeprecated-this-capture]
 15621 |                                         entry_func.fixup_hooks_in.push_back([=]() { statement(tc, ".y = 1.0 - ", tc, ".y;"); });
       |                                                                                     ^
/Users/worldbuilder/Desktop/Booter & BigARM/Engine/.cache/probe-sources/bgfx/3rdparty/spirv-cross/spirv_msl.cpp:15621:43: note: add an explicit capture of 'this' to capture '*this' by reference
 15621 |                                         entry_func.fixup_hooks_in.push_back([=]() { statement(tc, ".y = 1.0 - ", tc, ".y;"); });
       |                                                                              ^
       |                                                                               , this
/Users/worldbuilder/Desktop/Booter & BigARM/Engine/.cache/probe-sources/bgfx/3rdparty/spirv-cross/spirv_msl.cpp:15629:6: warning: implicit capture of 'this' with a capture default of '=' is deprecated [-Wdeprecated-this-capture]
 15629 |                                         statement(builtin_type_decl(bi_type), " ", to_expression(var_id), " = ",
       |                                         ^
/Users/worldbuilder/Desktop/Booter & BigARM/Engine/.cache/probe-sources/bgfx/3rdparty/spirv-cross/spirv_msl.cpp:15628:42: note: add an explicit capture of 'this' to capture '*this' by reference
 15628 |                                 entry_func.fixup_hooks_in.push_back([=]() {
       |                                                                      ^
       |                                                                       , this
/Users/worldbuilder/Desktop/Booter & BigARM/Engine/.cache/probe-sources/bgfx/3rdparty/spirv-cross/spirv_msl.cpp:15638:19: warning: implicit capture of 'this' with a capture default of '=' is deprecated [-Wdeprecated-this-capture]
 15638 |                                         auto &type = expression_type(builtin_workgroup_size_id);
       |                                                      ^
/Users/worldbuilder/Desktop/Booter & BigARM/Engine/.cache/probe-sources/bgfx/3rdparty/spirv-cross/spirv_msl.cpp:15637:42: note: add an explicit capture of 'this' to capture '*this' by reference
 15637 |                                 entry_func.fixup_hooks_in.push_back([=]() {
       |                                                                      ^
       |                                                                       , this
/Users/worldbuilder/Desktop/Booter & BigARM/Engine/.cache/probe-sources/bgfx/3rdparty/spirv-cross/spirv_msl.cpp:15652:17: warning: implicit capture of 'this' with a capture default of '=' is deprecated [-Wdeprecated-this-capture]
 15652 |                                     [=]() { statement(builtin_type_decl(bi_type), " ", to_expression(var_id), " = 0;"); });
       |                                             ^
/Users/worldbuilder/Desktop/Booter & BigARM/Engine/.cache/probe-sources/bgfx/3rdparty/spirv-cross/spirv_msl.cpp:15652:10: note: add an explicit capture of 'this' to capture '*this' by reference
 15652 |                                     [=]() { statement(builtin_type_decl(bi_type), " ", to_expression(var_id), " = 0;"); });
       |                                      ^
       |                                       , this
/Users/worldbuilder/Desktop/Booter & BigARM/Engine/.cache/probe-sources/bgfx/3rdparty/spirv-cross/spirv_msl.cpp:15659:18: warning: implicit capture of 'this' with a capture default of '=' is deprecated [-Wdeprecated-this-capture]
 15659 |                                             [=]() { statement(builtin_type_decl(bi_type), " ", to_expression(var_id), " = 1;"); });
       |                                                     ^
/Users/worldbuilder/Desktop/Booter & BigARM/Engine/.cache/probe-sources/bgfx/3rdparty/spirv-cross/spirv_msl.cpp:15659:11: note: add an explicit capture of 'this' to capture '*this' by reference
 15659 |                                             [=]() { statement(builtin_type_decl(bi_type), " ", to_expression(var_id), " = 1;"); });
       |                                              ^
       |                                               , this
/Users/worldbuilder/Desktop/Booter & BigARM/Engine/.cache/probe-sources/bgfx/3rdparty/spirv-cross/spirv_msl.cpp:15664:7: warning: implicit capture of 'this' with a capture default of '=' is deprecated [-Wdeprecated-this-capture]
 15664 |                                                 statement(builtin_type_decl(bi_type), " ", to_expression(var_id), " = ",
       |                                                 ^
/Users/worldbuilder/Desktop/Booter & BigARM/Engine/.cache/probe-sources/bgfx/3rdparty/spirv-cross/spirv_msl.cpp:15663:43: note: add an explicit capture of 'this' to capture '*this' by reference
 15663 |                                         entry_func.fixup_hooks_in.push_back([=]() {
       |                                                                              ^
       |                                                                               , this
/Users/worldbuilder/Desktop/Booter & BigARM/Engine/.cache/probe-sources/bgfx/3rdparty/spirv-cross/spirv_msl.cpp:15675:10: warning: implicit capture of 'this' with a capture default of '=' is deprecated [-Wdeprecated-this-capture]
 15675 |                                         if (msl_options.is_ios())
       |                                             ^
/Users/worldbuilder/Desktop/Booter & BigARM/Engine/.cache/probe-sources/bgfx/3rdparty/spirv-cross/spirv_msl.cpp:15674:42: note: add an explicit capture of 'this' to capture '*this' by reference
 15674 |                                 entry_func.fixup_hooks_in.push_back([=]() {
       |                                                                      ^
       |                                                                       , this
/Users/worldbuilder/Desktop/Booter & BigARM/Engine/.cache/probe-sources/bgfx/3rdparty/spirv-cross/spirv_msl.cpp:15711:10: warning: implicit capture of 'this' with a capture default of '=' is deprecated [-Wdeprecated-this-capture]
 15711 |                                         if (msl_options.fixed_subgroup_size > 32)
       |                                             ^
/Users/worldbuilder/Desktop/Booter & BigARM/Engine/.cache/probe-sources/bgfx/3rdparty/spirv-cross/spirv_msl.cpp:15696:42: note: add an explicit capture of 'this' to capture '*this' by reference
 15696 |                                 entry_func.fixup_hooks_in.push_back([=]() {
       |                                                                      ^
       |                                                                       , this
/Users/worldbuilder/Desktop/Booter & BigARM/Engine/.cache/probe-sources/bgfx/3rdparty/spirv-cross/spirv_msl.cpp:15767:10: warning: implicit capture of 'this' with a capture default of '=' is deprecated [-Wdeprecated-this-capture]
 15767 |                                         if (msl_options.fixed_subgroup_size > 32)
       |                                             ^
/Users/worldbuilder/Desktop/Booter & BigARM/Engine/.cache/probe-sources/bgfx/3rdparty/spirv-cross/spirv_msl.cpp:15764:42: note: add an explicit capture of 'this' to capture '*this' by reference
 15764 |                                 entry_func.fixup_hooks_in.push_back([=]() {
       |                                                                      ^
       |                                                                       , this
/Users/worldbuilder/Desktop/Booter & BigARM/Engine/.cache/probe-sources/bgfx/3rdparty/spirv-cross/spirv_msl.cpp:15817:10: warning: implicit capture of 'this' with a capture default of '=' is deprecated [-Wdeprecated-this-capture]
 15817 |                                         if (msl_options.is_ios())
       |                                             ^
/Users/worldbuilder/Desktop/Booter & BigARM/Engine/.cache/probe-sources/bgfx/3rdparty/spirv-cross/spirv_msl.cpp:15816:42: note: add an explicit capture of 'this' to capture '*this' by reference
 15816 |                                 entry_func.fixup_hooks_in.push_back([=]() {
       |                                                                      ^
       |                                                                       , this
/Users/worldbuilder/Desktop/Booter & BigARM/Engine/.cache/probe-sources/bgfx/3rdparty/spirv-cross/spirv_msl.cpp:15840:10: warning: implicit capture of 'this' with a capture default of '=' is deprecated [-Wdeprecated-this-capture]
 15840 |                                         if (msl_options.is_ios())
       |                                             ^
/Users/worldbuilder/Desktop/Booter & BigARM/Engine/.cache/probe-sources/bgfx/3rdparty/spirv-cross/spirv_msl.cpp:15839:42: note: add an explicit capture of 'this' to capture '*this' by reference
 15839 |                                 entry_func.fixup_hooks_in.push_back([=]() {
       |                                                                      ^
       |                                                                       , this
/Users/worldbuilder/Desktop/Booter & BigARM/Engine/.cache/probe-sources/bgfx/3rdparty/spirv-cross/spirv_msl.cpp:15862:7: warning: implicit capture of 'this' with a capture default of '=' is deprecated [-Wdeprecated-this-capture]
 15862 |                                                 statement("const ", builtin_type_decl(bi_type), " ", to_expression(var_id), " = 0;");
       |                                                 ^
/Users/worldbuilder/Desktop/Booter & BigARM/Engine/.cache/probe-sources/bgfx/3rdparty/spirv-cross/spirv_msl.cpp:15861:43: note: add an explicit capture of 'this' to capture '*this' by reference
 15861 |                                         entry_func.fixup_hooks_in.push_back([=]() {
       |                                                                              ^
       |                                                                               , this
/Users/worldbuilder/Desktop/Booter & BigARM/Engine/.cache/probe-sources/bgfx/3rdparty/spirv-cross/spirv_msl.cpp:15869:7: warning: implicit capture of 'this' with a capture default of '=' is deprecated [-Wdeprecated-this-capture]
 15869 |                                                 statement("const ", builtin_type_decl(bi_type), " ", to_expression(var_id), " = ",
       |                                                 ^
/Users/worldbuilder/Desktop/Booter & BigARM/Engine/.cache/probe-sources/bgfx/3rdparty/spirv-cross/spirv_msl.cpp:15868:43: note: add an explicit capture of 'this' to capture '*this' by reference
 15868 |                                         entry_func.fixup_hooks_in.push_back([=]() {
       |                                                                              ^
       |                                                                               , this
/Users/worldbuilder/Desktop/Booter & BigARM/Engine/.cache/probe-sources/bgfx/3rdparty/spirv-cross/spirv_msl.cpp:15881:7: warning: implicit capture of 'this' with a capture default of '=' is deprecated [-Wdeprecated-this-capture]
 15881 |                                                 statement("const ", builtin_type_decl(bi_type), " ", to_expression(var_id), " = ",
       |                                                 ^
/Users/worldbuilder/Desktop/Booter & BigARM/Engine/.cache/probe-sources/bgfx/3rdparty/spirv-cross/spirv_msl.cpp:15880:43: note: add an explicit capture of 'this' to capture '*this' by reference
 15880 |                                         entry_func.fixup_hooks_in.push_back([=]() {
       |                                                                              ^
       |                                                                               , this
/Users/worldbuilder/Desktop/Booter & BigARM/Engine/.cache/probe-sources/bgfx/3rdparty/spirv-cross/spirv_msl.cpp:15890:7: warning: implicit capture of 'this' with a capture default of '=' is deprecated [-Wdeprecated-this-capture]
 15890 |                                                 statement(to_expression(var_id), " += ", to_expression(view_mask_buffer_id), "[0];");
       |                                                 ^
/Users/worldbuilder/Desktop/Booter & BigARM/Engine/.cache/probe-sources/bgfx/3rdparty/spirv-cross/spirv_msl.cpp:15889:43: note: add an explicit capture of 'this' to capture '*this' by reference
 15889 |                                         entry_func.fixup_hooks_in.push_back([=]() {
       |                                                                              ^
       |                                                                               , this
/Users/worldbuilder/Desktop/Booter & BigARM/Engine/.cache/probe-sources/bgfx/3rdparty/spirv-cross/spirv_msl.cpp:15898:7: warning: implicit capture of 'this' with a capture default of '=' is deprecated [-Wdeprecated-this-capture]
 15898 |                                                 statement(builtin_type_decl(bi_type), " ", to_expression(var_id), " = ",
       |                                                 ^
/Users/worldbuilder/Desktop/Booter & BigARM/Engine/.cache/probe-sources/bgfx/3rdparty/spirv-cross/spirv_msl.cpp:15897:43: note: add an explicit capture of 'this' to capture '*this' by reference
 15897 |                                         entry_func.fixup_hooks_in.push_back([=]() {
       |                                                                              ^
       |                                                                               , this
/Users/worldbuilder/Desktop/Booter & BigARM/Engine/.cache/probe-sources/bgfx/3rdparty/spirv-cross/spirv_msl.cpp:15912:7: warning: implicit capture of 'this' with a capture default of '=' is deprecated [-Wdeprecated-this-capture]
 15912 |                                                 statement(to_expression(builtin_layer_id), " = ", to_expression(var_id), " - ",
       |                                                 ^
/Users/worldbuilder/Desktop/Booter & BigARM/Engine/.cache/probe-sources/bgfx/3rdparty/spirv-cross/spirv_msl.cpp:15911:44: note: add an explicit capture of 'this' to capture '*this' by reference
 15911 |                                         entry_func.fixup_hooks_out.push_back([=]() {
       |                                                                               ^
       |                                                                                , this
/Users/worldbuilder/Desktop/Booter & BigARM/Engine/.cache/probe-sources/bgfx/3rdparty/spirv-cross/spirv_msl.cpp:15922:6: warning: implicit capture of 'this' with a capture default of '=' is deprecated [-Wdeprecated-this-capture]
 15922 |                                         statement("const ", builtin_type_decl(bi_type), " ", to_expression(var_id), " = ",
       |                                         ^
/Users/worldbuilder/Desktop/Booter & BigARM/Engine/.cache/probe-sources/bgfx/3rdparty/spirv-cross/spirv_msl.cpp:15921:42: note: add an explicit capture of 'this' to capture '*this' by reference
 15921 |                                 entry_func.fixup_hooks_in.push_back([=]() {
       |                                                                      ^
       |                                                                       , this
/Users/worldbuilder/Desktop/Booter & BigARM/Engine/.cache/probe-sources/bgfx/3rdparty/spirv-cross/spirv_msl.cpp:15934:6: warning: implicit capture of 'this' with a capture default of '=' is deprecated [-Wdeprecated-this-capture]
 15934 |                                         statement(to_expression(var_id), " += ", to_dereferenced_expression(builtin_dispatch_base_id), ";");
       |                                         ^
/Users/worldbuilder/Desktop/Booter & BigARM/Engine/.cache/probe-sources/bgfx/3rdparty/spirv-cross/spirv_msl.cpp:15933:42: note: add an explicit capture of 'this' to capture '*this' by reference
 15933 |                                 entry_func.fixup_hooks_in.push_back([=]() {
       |                                                                      ^
       |                                                                       , this
/Users/worldbuilder/Desktop/Booter & BigARM/Engine/.cache/probe-sources/bgfx/3rdparty/spirv-cross/spirv_msl.cpp:15944:24: warning: implicit capture of 'this' with a capture default of '=' is deprecated [-Wdeprecated-this-capture]
 15944 |                                         auto &execution = this->get_entry_point();
       |                                                           ^
/Users/worldbuilder/Desktop/Booter & BigARM/Engine/.cache/probe-sources/bgfx/3rdparty/spirv-cross/spirv_msl.cpp:15943:42: note: add an explicit capture of 'this' to capture '*this' by reference
 15943 |                                 entry_func.fixup_hooks_in.push_back([=]() {
       |                                                                      ^
       |                                                                       , this
/Users/worldbuilder/Desktop/Booter & BigARM/Engine/.cache/probe-sources/bgfx/3rdparty/spirv-cross/spirv_msl.cpp:15962:6: warning: implicit capture of 'this' with a capture default of '=' is deprecated [-Wdeprecated-this-capture]
 15962 |                                         builtin_declaration = true;
       |                                         ^
/Users/worldbuilder/Desktop/Booter & BigARM/Engine/.cache/probe-sources/bgfx/3rdparty/spirv-cross/spirv_msl.cpp:15961:42: note: add an explicit capture of 'this' to capture '*this' by reference
 15961 |                                 entry_func.fixup_hooks_in.push_back([=]() {
       |                                                                      ^
       |                                                                       , this
/Users/worldbuilder/Desktop/Booter & BigARM/Engine/.cache/probe-sources/bgfx/3rdparty/spirv-cross/spirv_msl.cpp:15986:6: warning: implicit capture of 'this' with a capture default of '=' is deprecated [-Wdeprecated-this-capture]
 15986 |                                         statement(builtin_type_decl(bi_type), " ", to_expression(var_id), " = ",
       |                                         ^
/Users/worldbuilder/Desktop/Booter & BigARM/Engine/.cache/probe-sources/bgfx/3rdparty/spirv-cross/spirv_msl.cpp:15985:42: note: add an explicit capture of 'this' to capture '*this' by reference
 15985 |                                 entry_func.fixup_hooks_in.push_back([=]() {
       |                                                                      ^
       |                                                                       , this
/Users/worldbuilder/Desktop/Booter & BigARM/Engine/.cache/probe-sources/bgfx/3rdparty/spirv-cross/spirv_msl.cpp:15997:6: warning: implicit capture of 'this' with a capture default of '=' is deprecated [-Wdeprecated-this-capture]
 15997 |                                         builtin_declaration = true;
       |                                         ^
/Users/worldbuilder/Desktop/Booter & BigARM/Engine/.cache/probe-sources/bgfx/3rdparty/spirv-cross/spirv_msl.cpp:15996:42: note: add an explicit capture of 'this' to capture '*this' by reference
 15996 |                                 entry_func.fixup_hooks_in.push_back([=]() {
       |                                                                      ^
       |                                                                       , this
/Users/worldbuilder/Desktop/Booter & BigARM/Engine/.cache/probe-sources/bgfx/3rdparty/spirv-cross/spirv_msl.cpp:16010:6: warning: implicit capture of 'this' with a capture default of '=' is deprecated [-Wdeprecated-this-capture]
 16010 |                                         statement(builtin_type_decl(bi_type), " ", to_expression(var_id), " = ",
       |                                         ^
/Users/worldbuilder/Desktop/Booter & BigARM/Engine/.cache/probe-sources/bgfx/3rdparty/spirv-cross/spirv_msl.cpp:16009:42: note: add an explicit capture of 'this' to capture '*this' by reference
 16009 |                                 entry_func.fixup_hooks_in.push_back([=]() {
       |                                                                      ^
       |                                                                       , this
/Users/worldbuilder/Desktop/Booter & BigARM/Engine/.cache/probe-sources/bgfx/3rdparty/spirv-cross/spirv_msl.cpp:16016:6: warning: implicit capture of 'this' with a capture default of '=' is deprecated [-Wdeprecated-this-capture]
 16016 |                                         statement(builtin_type_decl(bi_type), " ", to_expression(var_id), " = *",
       |                                         ^
/Users/worldbuilder/Desktop/Booter & BigARM/Engine/.cache/probe-sources/bgfx/3rdparty/spirv-cross/spirv_msl.cpp:16015:42: note: add an explicit capture of 'this' to capture '*this' by reference
 16015 |                                 entry_func.fixup_hooks_in.push_back([=]() {
       |                                                                      ^
       |                                                                       , this
/Users/worldbuilder/Desktop/Booter & BigARM/Engine/.cache/probe-sources/bgfx/3rdparty/spirv-cross/spirv_msl.cpp:16037:7: warning: implicit capture of 'this' with a capture default of '=' is deprecated [-Wdeprecated-this-capture]
 16037 |                                                 statement(to_expression(builtin_sample_mask_id), op_str, additional_fixed_sample_mask_str(), ";");
       |                                                 ^
/Users/worldbuilder/Desktop/Booter & BigARM/Engine/.cache/probe-sources/bgfx/3rdparty/spirv-cross/spirv_msl.cpp:16036:44: note: add an explicit capture of 'this' to capture '*this' by reference
 16036 |                                         entry_func.fixup_hooks_out.push_back([=]() {
       |                                                                               ^
       |                                                                                , this
/Users/worldbuilder/Desktop/Booter & BigARM/Engine/.cache/probe-sources/bgfx/3rdparty/spirv-cross/spirv_msl.cpp:16045:7: warning: implicit capture of 'this' with a capture default of '=' is deprecated [-Wdeprecated-this-capture]
 16045 |                                                 statement(to_expression(builtin_frag_depth_id), " = ", to_expression(builtin_frag_coord_id), ".z;");
       |                                                 ^
/Users/worldbuilder/Desktop/Booter & BigARM/Engine/.cache/probe-sources/bgfx/3rdparty/spirv-cross/spirv_msl.cpp:16044:44: note: add an explicit capture of 'this' to capture '*this' by reference
 16044 |                                         entry_func.fixup_hooks_out.push_back([=]() {
       |                                                                               ^
       |                                                                                , this
[ 24%] Building OBJC object sdl/CMakeFiles/SDL3-static.dir/src/video/cocoa/SDL_cocoamodes.m.o
[ 24%] Building CXX object bgfx/cmake/bgfx/CMakeFiles/tint.dir/__/__/__/bgfx/3rdparty/dawn/src/tint/lang/core/ir/block.cc.o
[ 24%] Building OBJC object sdl/CMakeFiles/SDL3-static.dir/src/video/cocoa/SDL_cocoamouse.m.o
[ 24%] Building CXX object bgfx/cmake/bgfx/CMakeFiles/spirv-opt.dir/__/__/__/bgfx/3rdparty/spirv-tools/source/opt/cfg_cleanup_pass.cpp.o
[ 24%] Building CXX object bgfx/cmake/bgfx/CMakeFiles/tint.dir/__/__/__/bgfx/3rdparty/dawn/src/tint/lang/core/ir/block_param.cc.o
[ 24%] Building OBJC object sdl/CMakeFiles/SDL3-static.dir/src/video/cocoa/SDL_cocoaopengl.m.o
[ 24%] Building CXX object bgfx/cmake/bgfx/CMakeFiles/tint.dir/__/__/__/bgfx/3rdparty/dawn/src/tint/lang/core/ir/break_if.cc.o
[ 24%] Building OBJC object sdl/CMakeFiles/SDL3-static.dir/src/video/cocoa/SDL_cocoaopengles.m.o
[ 25%] Building CXX object bgfx/cmake/bgfx/CMakeFiles/spirv-opt.dir/__/__/__/bgfx/3rdparty/spirv-tools/source/opt/code_sink.cpp.o
[ 25%] Building CXX object bgfx/cmake/bgfx/CMakeFiles/tint.dir/__/__/__/bgfx/3rdparty/dawn/src/tint/lang/core/ir/builder.cc.o
[ 25%] Building OBJC object sdl/CMakeFiles/SDL3-static.dir/src/video/cocoa/SDL_cocoapen.m.o
[ 25%] Building OBJC object sdl/CMakeFiles/SDL3-static.dir/src/video/cocoa/SDL_cocoashape.m.o
[ 25%] Building CXX object bgfx/cmake/bgfx/CMakeFiles/tint.dir/__/__/__/bgfx/3rdparty/dawn/src/tint/lang/core/ir/builtin_call.cc.o
[ 25%] Building OBJC object sdl/CMakeFiles/SDL3-static.dir/src/video/cocoa/SDL_cocoavideo.m.o
[ 25%] Building CXX object bgfx/cmake/bgfx/CMakeFiles/spirv-opt.dir/__/__/__/bgfx/3rdparty/spirv-tools/source/opt/combine_access_chains.cpp.o
[ 26%] Building CXX object bgfx/cmake/bgfx/CMakeFiles/tint.dir/__/__/__/bgfx/3rdparty/dawn/src/tint/lang/core/ir/call.cc.o
[ 26%] Building OBJC object sdl/CMakeFiles/SDL3-static.dir/src/video/cocoa/SDL_cocoavulkan.m.o
[ 26%] Building CXX object bgfx/cmake/bgfx/CMakeFiles/tint.dir/__/__/__/bgfx/3rdparty/dawn/src/tint/lang/core/ir/clone_context.cc.o
[ 26%] Building OBJC object sdl/CMakeFiles/SDL3-static.dir/src/video/cocoa/SDL_cocoawindow.m.o
[ 26%] Building CXX object bgfx/cmake/bgfx/CMakeFiles/spirv-opt.dir/__/__/__/bgfx/3rdparty/spirv-tools/source/opt/compact_ids_pass.cpp.o
[ 26%] Building CXX object bgfx/cmake/bgfx/CMakeFiles/tint.dir/__/__/__/bgfx/3rdparty/dawn/src/tint/lang/core/ir/const_param_validator.cc.o
[ 26%] Building OBJC object sdl/CMakeFiles/SDL3-static.dir/src/render/metal/SDL_render_metal.m.o
[ 26%] Building OBJC object sdl/CMakeFiles/SDL3-static.dir/src/tray/cocoa/SDL_tray.m.o
[ 26%] Building CXX object bgfx/cmake/bgfx/CMakeFiles/spirv-opt.dir/__/__/__/bgfx/3rdparty/spirv-tools/source/opt/composite.cpp.o
[ 26%] Building CXX object bgfx/cmake/bgfx/CMakeFiles/tint.dir/__/__/__/bgfx/3rdparty/dawn/src/tint/lang/core/ir/constant.cc.o
[ 27%] Building C object sdl/CMakeFiles/SDL3-static.dir/src/thread/pthread/SDL_systhread.c.o
63 warnings generated.
[ 27%] Building C object sdl/CMakeFiles/SDL3-static.dir/src/thread/pthread/SDL_sysmutex.c.o
[ 27%] Building CXX object bgfx/cmake/bgfx/CMakeFiles/spirv-cross.dir/__/__/__/bgfx/3rdparty/spirv-cross/spirv_parser.cpp.o
[ 27%] Building C object sdl/CMakeFiles/SDL3-static.dir/src/thread/pthread/SDL_syscond.c.o
[ 27%] Building C object sdl/CMakeFiles/SDL3-static.dir/src/thread/pthread/SDL_sysrwlock.c.o
[ 27%] Building C object sdl/CMakeFiles/SDL3-static.dir/src/thread/pthread/SDL_systls.c.o
[ 27%] Building C object sdl/CMakeFiles/SDL3-static.dir/src/thread/pthread/SDL_syssem.c.o
[ 27%] Building C object sdl/CMakeFiles/SDL3-static.dir/src/dialog/SDL_dialog.c.o
[ 27%] Building C object sdl/CMakeFiles/SDL3-static.dir/src/dialog/SDL_dialog_utils.c.o
[ 27%] Building OBJC object sdl/CMakeFiles/SDL3-static.dir/src/dialog/cocoa/SDL_cocoadialog.m.o
[ 27%] Building CXX object bgfx/cmake/bgfx/CMakeFiles/tint.dir/__/__/__/bgfx/3rdparty/dawn/src/tint/lang/core/ir/constexpr_if.cc.o
[ 27%] Building C object sdl/CMakeFiles/SDL3-static.dir/src/process/SDL_process.c.o
[ 27%] Building C object sdl/CMakeFiles/SDL3-static.dir/src/process/posix/SDL_posixprocess.c.o
[ 27%] Building CXX object bgfx/cmake/bgfx/CMakeFiles/spirv-opt.dir/__/__/__/bgfx/3rdparty/spirv-tools/source/opt/const_folding_rules.cpp.o
[ 28%] Building C object sdl/CMakeFiles/SDL3-static.dir/src/video/offscreen/SDL_offscreenevents.c.o
[ 28%] Building C object sdl/CMakeFiles/SDL3-static.dir/src/video/offscreen/SDL_offscreenframebuffer.c.o
[ 28%] Building C object sdl/CMakeFiles/SDL3-static.dir/src/video/offscreen/SDL_offscreenopengles.c.o
[ 28%] Building C object sdl/CMakeFiles/SDL3-static.dir/src/video/offscreen/SDL_offscreenvideo.c.o
[ 28%] Building C object sdl/CMakeFiles/SDL3-static.dir/src/video/offscreen/SDL_offscreenvulkan.c.o
[ 28%] Building C object sdl/CMakeFiles/SDL3-static.dir/src/video/offscreen/SDL_offscreenwindow.c.o
[ 28%] Building C object sdl/CMakeFiles/SDL3-static.dir/src/tray/SDL_tray_utils.c.o
[ 28%] Building CXX object bgfx/cmake/bgfx/CMakeFiles/tint.dir/__/__/__/bgfx/3rdparty/dawn/src/tint/lang/core/ir/construct.cc.o
[ 28%] Building C object sdl/CMakeFiles/SDL3-static.dir/src/gpu/vulkan/SDL_gpu_vulkan.c.o
[ 30%] Building CXX object bgfx/cmake/bgfx/CMakeFiles/spirv-cross.dir/__/__/__/bgfx/3rdparty/spirv-cross/spirv_reflect.cpp.o
[ 30%] Building OBJC object sdl/CMakeFiles/SDL3-static.dir/src/gpu/metal/SDL_gpu_metal.m.o
[ 30%] Building CXX object bgfx/cmake/bgfx/CMakeFiles/tint.dir/__/__/__/bgfx/3rdparty/dawn/src/tint/lang/core/ir/continue.cc.o
[ 30%] Building C object sdl/CMakeFiles/SDL3-static.dir/src/sensor/dummy/SDL_dummysensor.c.o
[ 30%] Building C object sdl/CMakeFiles/SDL3-static.dir/src/main/generic/SDL_sysmain_callbacks.c.o
[ 30%] Building C object sdl/CMakeFiles/SDL3-static.dir/src/SDL.c.o
[ 30%] Linking CXX static library libspirv-cross.a
[ 30%] Building C object sdl/CMakeFiles/SDL3-static.dir/src/SDL_assert.c.o
[ 30%] Built target spirv-cross
[ 30%] Building CXX object bgfx/cmake/bgfx/CMakeFiles/spirv-opt.dir/__/__/__/bgfx/3rdparty/spirv-tools/source/opt/constants.cpp.o
[ 30%] Building C object sdl/CMakeFiles/SDL3-static.dir/src/SDL_error.c.o
[ 30%] Building C object sdl/CMakeFiles/SDL3-static.dir/src/SDL_guid.c.o
[ 30%] Building C object sdl/CMakeFiles/SDL3-static.dir/src/SDL_hashtable.c.o
[ 30%] Building C object sdl/CMakeFiles/SDL3-static.dir/src/SDL_hints.c.o
[ 30%] Building C object sdl/CMakeFiles/SDL3-static.dir/src/SDL_list.c.o
[ 30%] Building C object sdl/CMakeFiles/SDL3-static.dir/src/SDL_log.c.o
[ 30%] Building CXX object bgfx/cmake/bgfx/CMakeFiles/tint.dir/__/__/__/bgfx/3rdparty/dawn/src/tint/lang/core/ir/control_instruction.cc.o
[ 30%] Building C object sdl/CMakeFiles/SDL3-static.dir/src/SDL_properties.c.o
[ 30%] Building C object sdl/CMakeFiles/SDL3-static.dir/src/SDL_utils.c.o
[ 31%] Building C object sdl/CMakeFiles/SDL3-static.dir/src/atomic/SDL_atomic.c.o
[ 31%] Building CXX object bgfx/cmake/bgfx/CMakeFiles/spirv-opt.dir/__/__/__/bgfx/3rdparty/spirv-tools/source/opt/control_dependence.cpp.o
[ 31%] Building C object sdl/CMakeFiles/SDL3-static.dir/src/atomic/SDL_spinlock.c.o
[ 31%] Building C object sdl/CMakeFiles/SDL3-static.dir/src/audio/SDL_audio.c.o
[ 31%] Building C object sdl/CMakeFiles/SDL3-static.dir/src/audio/SDL_audiocvt.c.o
[ 31%] Building C object sdl/CMakeFiles/SDL3-static.dir/src/audio/SDL_audiodev.c.o
[ 31%] Building CXX object bgfx/cmake/bgfx/CMakeFiles/tint.dir/__/__/__/bgfx/3rdparty/dawn/src/tint/lang/core/ir/convert.cc.o
[ 31%] Building C object sdl/CMakeFiles/SDL3-static.dir/src/audio/SDL_audioqueue.c.o
[ 31%] Building C object sdl/CMakeFiles/SDL3-static.dir/src/audio/SDL_audioresample.c.o
[ 31%] Building C object sdl/CMakeFiles/SDL3-static.dir/src/audio/SDL_audiotypecvt.c.o
[ 31%] Building C object sdl/CMakeFiles/SDL3-static.dir/src/audio/SDL_mixer.c.o
[ 31%] Building C object sdl/CMakeFiles/SDL3-static.dir/src/audio/SDL_wave.c.o
[ 31%] Building CXX object bgfx/cmake/bgfx/CMakeFiles/spirv-opt.dir/__/__/__/bgfx/3rdparty/spirv-tools/source/opt/convert_to_half_pass.cpp.o
[ 31%] Building C object sdl/CMakeFiles/SDL3-static.dir/src/camera/SDL_camera.c.o
[ 32%] Building C object sdl/CMakeFiles/SDL3-static.dir/src/core/SDL_core_unsupported.c.o
[ 32%] Building C object sdl/CMakeFiles/SDL3-static.dir/src/cpuinfo/SDL_cpuinfo.c.o
[ 32%] Linking C static library libSDL3.a
[ 32%] Built target SDL3-static
[ 32%] Building CXX object bgfx/cmake/bgfx/CMakeFiles/tint.dir/__/__/__/bgfx/3rdparty/dawn/src/tint/lang/core/ir/core_binary.cc.o
[ 32%] Building CXX object bgfx/cmake/bgfx/CMakeFiles/spirv-opt.dir/__/__/__/bgfx/3rdparty/spirv-tools/source/opt/convert_to_sampled_image_pass.cpp.o
[ 32%] Building CXX object bgfx/cmake/bgfx/CMakeFiles/glslang.dir/__/__/__/bgfx/3rdparty/glslang/SPIRV/CInterface/spirv_c_interface.cpp.o
[ 32%] Building CXX object bgfx/cmake/bgfx/CMakeFiles/glslang.dir/__/__/__/bgfx/3rdparty/glslang/SPIRV/GlslangToSpv.cpp.o
[ 32%] Building CXX object bgfx/cmake/bgfx/CMakeFiles/tint.dir/__/__/__/bgfx/3rdparty/dawn/src/tint/lang/core/ir/core_builtin_call.cc.o
[ 32%] Building CXX object CMakeFiles/engine_state.dir/Source/Core/FixtureState.cpp.o
[ 33%] Building CXX object bgfx/cmake/bgfx/CMakeFiles/tint.dir/__/__/__/bgfx/3rdparty/dawn/src/tint/lang/core/ir/core_unary.cc.o
[ 33%] Building CXX object bgfx/cmake/bgfx/CMakeFiles/spirv-opt.dir/__/__/__/bgfx/3rdparty/spirv-tools/source/opt/convert_to_untyped.cpp.o
[ 33%] Linking CXX static library libengine_state.a
[ 33%] Built target engine_state
[ 33%] Building CXX object bgfx/cmake/bgfx/CMakeFiles/glslang.dir/__/__/__/bgfx/3rdparty/glslang/SPIRV/InReadableOrder.cpp.o
[ 33%] Building CXX object bgfx/cmake/bgfx/CMakeFiles/spirv-opt.dir/__/__/__/bgfx/3rdparty/spirv-tools/source/opt/copy_prop_arrays.cpp.o
[ 33%] Building CXX object bgfx/cmake/bgfx/CMakeFiles/tint.dir/__/__/__/bgfx/3rdparty/dawn/src/tint/lang/core/ir/disassembler.cc.o
[ 33%] Building CXX object bgfx/cmake/bgfx/CMakeFiles/spirv-opt.dir/__/__/__/bgfx/3rdparty/spirv-tools/source/opt/dataflow.cpp.o
[ 33%] Building CXX object bgfx/cmake/bgfx/CMakeFiles/glslang.dir/__/__/__/bgfx/3rdparty/glslang/SPIRV/Logger.cpp.o
[ 33%] Building CXX object bgfx/cmake/bimg/CMakeFiles/bimg.dir/__/__/__/bimg/3rdparty/astc-encoder/source/astcenc_averages_and_directions.cpp.o
[ 33%] Building CXX object bgfx/cmake/bimg/CMakeFiles/bimg.dir/__/__/__/bimg/3rdparty/astc-encoder/source/astcenc_block_sizes.cpp.o
[ 33%] Building CXX object bgfx/cmake/bgfx/CMakeFiles/glslang.dir/__/__/__/bgfx/3rdparty/glslang/SPIRV/SpvBuilder.cpp.o
[ 33%] Building CXX object bgfx/cmake/bgfx/CMakeFiles/tint.dir/__/__/__/bgfx/3rdparty/dawn/src/tint/lang/core/ir/discard.cc.o
[ 34%] Building CXX object bgfx/cmake/bgfx/CMakeFiles/spirv-opt.dir/__/__/__/bgfx/3rdparty/spirv-tools/source/opt/dead_branch_elim_pass.cpp.o
[ 34%] Building CXX object bgfx/cmake/bimg/CMakeFiles/bimg.dir/__/__/__/bimg/3rdparty/astc-encoder/source/astcenc_color_quantize.cpp.o
[ 34%] Building CXX object bgfx/cmake/bgfx/CMakeFiles/tint.dir/__/__/__/bgfx/3rdparty/dawn/src/tint/lang/core/ir/evaluator.cc.o
[ 34%] Building CXX object bgfx/cmake/bimg/CMakeFiles/bimg.dir/__/__/__/bimg/3rdparty/astc-encoder/source/astcenc_color_unquantize.cpp.o
[ 34%] Building CXX object bgfx/cmake/bimg/CMakeFiles/bimg.dir/__/__/__/bimg/3rdparty/astc-encoder/source/astcenc_compress_symbolic.cpp.o
[ 34%] Building CXX object bgfx/cmake/bimg/CMakeFiles/bimg.dir/__/__/__/bimg/3rdparty/astc-encoder/source/astcenc_compute_variance.cpp.o
[ 34%] Building CXX object bgfx/cmake/bgfx/CMakeFiles/tint.dir/__/__/__/bgfx/3rdparty/dawn/src/tint/lang/core/ir/exit.cc.o
[ 34%] Building CXX object bgfx/cmake/bgfx/CMakeFiles/spirv-opt.dir/__/__/__/bgfx/3rdparty/spirv-tools/source/opt/dead_insert_elim_pass.cpp.o
[ 34%] Building CXX object bgfx/cmake/bimg/CMakeFiles/bimg.dir/__/__/__/bimg/3rdparty/astc-encoder/source/astcenc_decompress_symbolic.cpp.o
[ 35%] Building CXX object bgfx/cmake/bgfx/CMakeFiles/glslang.dir/__/__/__/bgfx/3rdparty/glslang/SPIRV/SpvPostProcess.cpp.o
[ 35%] Building CXX object bgfx/cmake/bgfx/CMakeFiles/tint.dir/__/__/__/bgfx/3rdparty/dawn/src/tint/lang/core/ir/exit_if.cc.o
[ 35%] Building CXX object bgfx/cmake/bimg/CMakeFiles/bimg.dir/__/__/__/bimg/3rdparty/astc-encoder/source/astcenc_diagnostic_trace.cpp.o
[ 35%] Building CXX object bgfx/cmake/bimg/CMakeFiles/bimg.dir/__/__/__/bimg/3rdparty/astc-encoder/source/astcenc_entry.cpp.o
[ 36%] Building CXX object bgfx/cmake/bimg/CMakeFiles/bimg.dir/__/__/__/bimg/3rdparty/astc-encoder/source/astcenc_find_best_partitioning.cpp.o
[ 36%] Building CXX object bgfx/cmake/bgfx/CMakeFiles/glslang.dir/__/__/__/bgfx/3rdparty/glslang/SPIRV/SpvTools.cpp.o
[ 36%] Building CXX object bgfx/cmake/bgfx/CMakeFiles/tint.dir/__/__/__/bgfx/3rdparty/dawn/src/tint/lang/core/ir/exit_loop.cc.o
[ 36%] Building CXX object bgfx/cmake/bgfx/CMakeFiles/spirv-opt.dir/__/__/__/bgfx/3rdparty/spirv-tools/source/opt/dead_variable_elimination.cpp.o
[ 36%] Building CXX object bgfx/cmake/bimg/CMakeFiles/bimg.dir/__/__/__/bimg/3rdparty/astc-encoder/source/astcenc_ideal_endpoints_and_weights.cpp.o
[ 36%] Building CXX object bgfx/cmake/bgfx/CMakeFiles/glslang.dir/__/__/__/bgfx/3rdparty/glslang/SPIRV/disassemble.cpp.o
[ 36%] Building CXX object bgfx/cmake/bimg/CMakeFiles/bimg.dir/__/__/__/bimg/3rdparty/astc-encoder/source/astcenc_image.cpp.o
[ 36%] Building CXX object bgfx/cmake/bgfx/CMakeFiles/tint.dir/__/__/__/bgfx/3rdparty/dawn/src/tint/lang/core/ir/exit_switch.cc.o
[ 36%] Building CXX object bgfx/cmake/bimg/CMakeFiles/bimg.dir/__/__/__/bimg/3rdparty/astc-encoder/source/astcenc_integer_sequence.cpp.o
[ 36%] Building CXX object bgfx/cmake/bgfx/CMakeFiles/glslang.dir/__/__/__/bgfx/3rdparty/glslang/SPIRV/doc.cpp.o
[ 36%] Building CXX object bgfx/cmake/bgfx/CMakeFiles/spirv-opt.dir/__/__/__/bgfx/3rdparty/spirv-tools/source/opt/debug_info_manager.cpp.o
[ 36%] Building CXX object bgfx/cmake/bimg/CMakeFiles/bimg.dir/__/__/__/bimg/3rdparty/astc-encoder/source/astcenc_mathlib.cpp.o
[ 36%] Building CXX object bgfx/cmake/bgfx/CMakeFiles/tint.dir/__/__/__/bgfx/3rdparty/dawn/src/tint/lang/core/ir/function.cc.o
[ 36%] Building CXX object bgfx/cmake/bimg/CMakeFiles/bimg.dir/__/__/__/bimg/3rdparty/astc-encoder/source/astcenc_mathlib_softfloat.cpp.o
[ 36%] Building CXX object bgfx/cmake/bimg/CMakeFiles/bimg.dir/__/__/__/bimg/3rdparty/astc-encoder/source/astcenc_partition_tables.cpp.o
[ 36%] Building CXX object bgfx/cmake/bgfx/CMakeFiles/glslang.dir/__/__/__/bgfx/3rdparty/glslang/glslang/CInterface/glslang_c_interface.cpp.o
[ 36%] Building CXX object bgfx/cmake/bimg/CMakeFiles/bimg.dir/__/__/__/bimg/3rdparty/astc-encoder/source/astcenc_percentile_tables.cpp.o
[ 36%] Building CXX object bgfx/cmake/bgfx/CMakeFiles/tint.dir/__/__/__/bgfx/3rdparty/dawn/src/tint/lang/core/ir/function_param.cc.o
[ 36%] Building CXX object bgfx/cmake/bimg/CMakeFiles/bimg.dir/__/__/__/bimg/3rdparty/astc-encoder/source/astcenc_pick_best_endpoint_format.cpp.o
[ 36%] Building CXX object bgfx/cmake/bimg/CMakeFiles/bimg.dir/__/__/__/bimg/3rdparty/astc-encoder/source/astcenc_quantization.cpp.o
[ 36%] Building CXX object bgfx/cmake/bgfx/CMakeFiles/glslang.dir/__/__/__/bgfx/3rdparty/glslang/glslang/GenericCodeGen/CodeGen.cpp.o
[ 36%] Building CXX object bgfx/cmake/bgfx/CMakeFiles/tint.dir/__/__/__/bgfx/3rdparty/dawn/src/tint/lang/core/ir/functional_validator.cc.o
[ 36%] Building CXX object bgfx/cmake/bgfx/CMakeFiles/spirv-opt.dir/__/__/__/bgfx/3rdparty/spirv-tools/source/opt/decoration_manager.cpp.o
[ 36%] Building CXX object bgfx/cmake/bimg/CMakeFiles/bimg.dir/__/__/__/bimg/3rdparty/astc-encoder/source/astcenc_symbolic_physical.cpp.o
[ 36%] Building CXX object bgfx/cmake/bgfx/CMakeFiles/glslang.dir/__/__/__/bgfx/3rdparty/glslang/glslang/GenericCodeGen/Link.cpp.o
[ 37%] Building CXX object bgfx/cmake/bimg/CMakeFiles/bimg.dir/__/__/__/bimg/3rdparty/astc-encoder/source/astcenc_weight_align.cpp.o
[ 37%] Building CXX object bgfx/cmake/bimg/CMakeFiles/bimg.dir/__/__/__/bimg/3rdparty/astc-encoder/source/astcenc_weight_quant_xfer_tables.cpp.o
[ 37%] Building CXX object bgfx/cmake/bgfx/CMakeFiles/glslang.dir/__/__/__/bgfx/3rdparty/glslang/glslang/HLSL/hlslAttributes.cpp.o
[ 37%] Building C object bgfx/cmake/bimg/CMakeFiles/bimg.dir/__/__/__/bimg/3rdparty/tinyexr/deps/miniz/miniz.c.o
[ 37%] Building CXX object bgfx/cmake/bgfx/CMakeFiles/spirv-opt.dir/__/__/__/bgfx/3rdparty/spirv-tools/source/opt/def_use_manager.cpp.o
[ 37%] Building CXX object bgfx/cmake/bgfx/CMakeFiles/tint.dir/__/__/__/bgfx/3rdparty/dawn/src/tint/lang/core/ir/if.cc.o
[ 37%] Building CXX object bgfx/cmake/bimg/CMakeFiles/bimg.dir/__/__/__/bimg/src/image.cpp.o
[ 37%] Building CXX object bgfx/cmake/bgfx/CMakeFiles/glslang.dir/__/__/__/bgfx/3rdparty/glslang/glslang/HLSL/hlslGrammar.cpp.o
[ 38%] Building CXX object bgfx/cmake/bgfx/CMakeFiles/tint.dir/__/__/__/bgfx/3rdparty/dawn/src/tint/lang/core/ir/instruction.cc.o
[ 38%] Building CXX object bgfx/cmake/bgfx/CMakeFiles/spirv-opt.dir/__/__/__/bgfx/3rdparty/spirv-tools/source/opt/desc_sroa.cpp.o
[ 38%] Linking CXX static library libbimg.a
[ 38%] Built target bimg
[ 38%] Building CXX object CMakeFiles/engine_imgui.dir/.cache/probe-sources/imgui/imgui.cpp.o
[ 38%] Building CXX object bgfx/cmake/bgfx/CMakeFiles/tint.dir/__/__/__/bgfx/3rdparty/dawn/src/tint/lang/core/ir/instruction_result.cc.o
[ 38%] Building CXX object bgfx/cmake/bgfx/CMakeFiles/glslang.dir/__/__/__/bgfx/3rdparty/glslang/glslang/HLSL/hlslOpMap.cpp.o
[ 38%] Building CXX object bgfx/cmake/bgfx/CMakeFiles/tint.dir/__/__/__/bgfx/3rdparty/dawn/src/tint/lang/core/ir/io_attribute_validator.cc.o
[ 38%] Building CXX object bgfx/cmake/bgfx/CMakeFiles/spirv-opt.dir/__/__/__/bgfx/3rdparty/spirv-tools/source/opt/desc_sroa_util.cpp.o
[ 38%] Building CXX object bgfx/cmake/bgfx/CMakeFiles/glslang.dir/__/__/__/bgfx/3rdparty/glslang/glslang/HLSL/hlslParseHelper.cpp.o
[ 38%] Building CXX object bgfx/cmake/bgfx/CMakeFiles/tint.dir/__/__/__/bgfx/3rdparty/dawn/src/tint/lang/core/ir/let.cc.o
[ 38%] Building CXX object CMakeFiles/engine_imgui.dir/.cache/probe-sources/imgui/imgui_draw.cpp.o
[ 38%] Building CXX object bgfx/cmake/bgfx/CMakeFiles/tint.dir/__/__/__/bgfx/3rdparty/dawn/src/tint/lang/core/ir/load.cc.o
[ 38%] Building CXX object bgfx/cmake/bgfx/CMakeFiles/spirv-opt.dir/__/__/__/bgfx/3rdparty/spirv-tools/source/opt/dominator_analysis.cpp.o
[ 38%] Building CXX object bgfx/cmake/bgfx/CMakeFiles/tint.dir/__/__/__/bgfx/3rdparty/dawn/src/tint/lang/core/ir/load_vector_element.cc.o
[ 38%] Building CXX object CMakeFiles/engine_imgui.dir/.cache/probe-sources/imgui/imgui_tables.cpp.o
[ 38%] Building CXX object bgfx/cmake/bgfx/CMakeFiles/spirv-opt.dir/__/__/__/bgfx/3rdparty/spirv-tools/source/opt/dominator_tree.cpp.o
[ 38%] Building CXX object CMakeFiles/engine_imgui.dir/.cache/probe-sources/imgui/imgui_widgets.cpp.o
[ 38%] Building CXX object bgfx/cmake/bgfx/CMakeFiles/tint.dir/__/__/__/bgfx/3rdparty/dawn/src/tint/lang/core/ir/loop.cc.o
[ 40%] Building CXX object bgfx/cmake/bgfx/CMakeFiles/glslang.dir/__/__/__/bgfx/3rdparty/glslang/glslang/HLSL/hlslParseables.cpp.o
[ 40%] Building CXX object bgfx/cmake/bgfx/CMakeFiles/tint.dir/__/__/__/bgfx/3rdparty/dawn/src/tint/lang/core/ir/member_builtin_call.cc.o
[ 40%] Building CXX object CMakeFiles/engine_imgui.dir/.cache/probe-sources/imgui/backends/imgui_impl_sdl3.cpp.o
[ 40%] Linking CXX static library libengine_imgui.a
[ 40%] Built target engine_imgui
[ 40%] Building CXX object bgfx/cmake/bgfx/CMakeFiles/spirv-opt.dir/__/__/__/bgfx/3rdparty/spirv-tools/source/opt/eliminate_dead_constant_pass.cpp.o
[ 40%] Building CXX object bgfx/cmake/bgfx/CMakeFiles/tint.dir/__/__/__/bgfx/3rdparty/dawn/src/tint/lang/core/ir/module.cc.o
[ 41%] Building CXX object bgfx/cmake/bgfx/CMakeFiles/spirv-opt.dir/__/__/__/bgfx/3rdparty/spirv-tools/source/opt/eliminate_dead_functions_pass.cpp.o
[ 41%] Building CXX object bgfx/cmake/bgfx/CMakeFiles/glslang.dir/__/__/__/bgfx/3rdparty/glslang/glslang/HLSL/hlslScanContext.cpp.o
[ 41%] Building CXX object bgfx/cmake/bgfx/CMakeFiles/tint.dir/__/__/__/bgfx/3rdparty/dawn/src/tint/lang/core/ir/multi_in_block.cc.o
[ 41%] Building CXX object bgfx/cmake/bgfx/CMakeFiles/spirv-opt.dir/__/__/__/bgfx/3rdparty/spirv-tools/source/opt/eliminate_dead_functions_util.cpp.o
[ 41%] Building CXX object bgfx/cmake/bgfx/CMakeFiles/spirv-opt.dir/__/__/__/bgfx/3rdparty/spirv-tools/source/opt/eliminate_dead_io_components_pass.cpp.o
[ 41%] Building CXX object bgfx/cmake/bgfx/CMakeFiles/glslang.dir/__/__/__/bgfx/3rdparty/glslang/glslang/HLSL/hlslTokenStream.cpp.o
[ 41%] Building CXX object bgfx/cmake/bgfx/CMakeFiles/tint.dir/__/__/__/bgfx/3rdparty/dawn/src/tint/lang/core/ir/next_iteration.cc.o
[ 41%] Building CXX object bgfx/cmake/bgfx/CMakeFiles/spirv-opt.dir/__/__/__/bgfx/3rdparty/spirv-tools/source/opt/eliminate_dead_members_pass.cpp.o
[ 41%] Building CXX object bgfx/cmake/bgfx/CMakeFiles/glslang.dir/__/__/__/bgfx/3rdparty/glslang/glslang/MachineIndependent/Constant.cpp.o
[ 42%] Building CXX object bgfx/cmake/bgfx/CMakeFiles/tint.dir/__/__/__/bgfx/3rdparty/dawn/src/tint/lang/core/ir/operand_instruction.cc.o
[ 42%] Building CXX object bgfx/cmake/bgfx/CMakeFiles/spirv-opt.dir/__/__/__/bgfx/3rdparty/spirv-tools/source/opt/eliminate_dead_output_stores_pass.cpp.o
[ 42%] Building CXX object bgfx/cmake/bgfx/CMakeFiles/tint.dir/__/__/__/bgfx/3rdparty/dawn/src/tint/lang/core/ir/override.cc.o
[ 42%] Building CXX object bgfx/cmake/bgfx/CMakeFiles/glslang.dir/__/__/__/bgfx/3rdparty/glslang/glslang/MachineIndependent/InfoSink.cpp.o
[ 42%] Building CXX object bgfx/cmake/bgfx/CMakeFiles/spirv-opt.dir/__/__/__/bgfx/3rdparty/spirv-tools/source/opt/feature_manager.cpp.o
[ 42%] Building CXX object bgfx/cmake/bgfx/CMakeFiles/spirv-opt.dir/__/__/__/bgfx/3rdparty/spirv-tools/source/opt/fix_func_call_arguments.cpp.o
[ 42%] Building CXX object bgfx/cmake/bgfx/CMakeFiles/tint.dir/__/__/__/bgfx/3rdparty/dawn/src/tint/lang/core/ir/phony.cc.o
[ 42%] Building CXX object bgfx/cmake/bgfx/CMakeFiles/glslang.dir/__/__/__/bgfx/3rdparty/glslang/glslang/MachineIndependent/Initialize.cpp.o
[ 42%] Building CXX object bgfx/cmake/bgfx/CMakeFiles/spirv-opt.dir/__/__/__/bgfx/3rdparty/spirv-tools/source/opt/fix_storage_class.cpp.o
[ 42%] Building CXX object bgfx/cmake/bgfx/CMakeFiles/tint.dir/__/__/__/bgfx/3rdparty/dawn/src/tint/lang/core/ir/reflection.cc.o
[ 42%] Building CXX object bgfx/cmake/bgfx/CMakeFiles/spirv-opt.dir/__/__/__/bgfx/3rdparty/spirv-tools/source/opt/flatten_decoration_pass.cpp.o
[ 42%] Building CXX object bgfx/cmake/bgfx/CMakeFiles/tint.dir/__/__/__/bgfx/3rdparty/dawn/src/tint/lang/core/ir/return.cc.o
[ 42%] Building CXX object bgfx/cmake/bgfx/CMakeFiles/spirv-opt.dir/__/__/__/bgfx/3rdparty/spirv-tools/source/opt/fold.cpp.o
[ 42%] Building CXX object bgfx/cmake/bgfx/CMakeFiles/tint.dir/__/__/__/bgfx/3rdparty/dawn/src/tint/lang/core/ir/store.cc.o
[ 42%] Building CXX object bgfx/cmake/bgfx/CMakeFiles/glslang.dir/__/__/__/bgfx/3rdparty/glslang/glslang/MachineIndependent/IntermTraverse.cpp.o
[ 42%] Building CXX object bgfx/cmake/bgfx/CMakeFiles/spirv-opt.dir/__/__/__/bgfx/3rdparty/spirv-tools/source/opt/fold_spec_constant_op_and_composite_pass.cpp.o
[ 42%] Building CXX object bgfx/cmake/bgfx/CMakeFiles/tint.dir/__/__/__/bgfx/3rdparty/dawn/src/tint/lang/core/ir/store_vector_element.cc.o
[ 42%] Building CXX object bgfx/cmake/bgfx/CMakeFiles/glslang.dir/__/__/__/bgfx/3rdparty/glslang/glslang/MachineIndependent/Intermediate.cpp.o
[ 43%] Building CXX object bgfx/cmake/bgfx/CMakeFiles/bgfx.dir/__/__/__/bgfx/src/bgfx.cpp.o
[ 43%] Building CXX object bgfx/cmake/bgfx/CMakeFiles/tint.dir/__/__/__/bgfx/3rdparty/dawn/src/tint/lang/core/ir/structural_validator.cc.o
[ 44%] Building CXX object bgfx/cmake/bgfx/CMakeFiles/spirv-opt.dir/__/__/__/bgfx/3rdparty/spirv-tools/source/opt/folding_rules.cpp.o
[ 44%] Building CXX object bgfx/cmake/bgfx/CMakeFiles/glslang.dir/__/__/__/bgfx/3rdparty/glslang/glslang/MachineIndependent/ParseContextBase.cpp.o
[ 44%] Building CXX object bgfx/cmake/bgfx/CMakeFiles/bgfx.dir/__/__/__/bgfx/src/debug_renderdoc.cpp.o
[ 44%] Building CXX object bgfx/cmake/bgfx/CMakeFiles/bgfx.dir/__/__/__/bgfx/src/dxgi.cpp.o
[ 44%] Building CXX object bgfx/cmake/bgfx/CMakeFiles/bgfx.dir/__/__/__/bgfx/src/glcontext_egl.cpp.o
[ 44%] Building CXX object bgfx/cmake/bgfx/CMakeFiles/bgfx.dir/__/__/__/bgfx/src/glcontext_html5.cpp.o
[ 44%] Building CXX object bgfx/cmake/bgfx/CMakeFiles/bgfx.dir/__/__/__/bgfx/src/glcontext_wgl.cpp.o
[ 44%] Building CXX object bgfx/cmake/bgfx/CMakeFiles/bgfx.dir/__/__/__/bgfx/src/nvapi.cpp.o
[ 44%] Building CXX object bgfx/cmake/bgfx/CMakeFiles/glslang.dir/__/__/__/bgfx/3rdparty/glslang/glslang/MachineIndependent/ParseHelper.cpp.o
[ 44%] Building CXX object bgfx/cmake/bgfx/CMakeFiles/bgfx.dir/__/__/__/bgfx/src/renderer_agc.cpp.o
[ 44%] Building CXX object bgfx/cmake/bgfx/CMakeFiles/bgfx.dir/__/__/__/bgfx/src/renderer_d3d11.cpp.o
[ 44%] Building CXX object bgfx/cmake/bgfx/CMakeFiles/bgfx.dir/__/__/__/bgfx/src/renderer_d3d12.cpp.o
[ 44%] Building CXX object bgfx/cmake/bgfx/CMakeFiles/tint.dir/__/__/__/bgfx/3rdparty/dawn/src/tint/lang/core/ir/switch.cc.o
/Users/worldbuilder/Desktop/Booter & BigARM/Engine/.cache/probe-sources/bgfx/3rdparty/glslang/glslang/MachineIndependent/ParseHelper.cpp:12356:108: warning: arithmetic between different enumeration types ('TLayoutPacking' and 'TLayoutMatrix') is deprecated [-Wdeprecated-enum-enum-conversion]
 12356 |         size_t originMemberHash = hasher(originType->getStruct()->at(i).type->getQualifier().layoutPacking +
       |                                          ~~~~~~~~~~~~~~~~~~~~~~~~~~~~~~~~~~~~~~~~~~~~~~~~~~~~~~~~~~~~~~~~~ ^
 12357 |                                          originType->getStruct()->at(i).type->getQualifier().layoutMatrix);
       |                                          ~~~~~~~~~~~~~~~~~~~~~~~~~~~~~~~~~~~~~~~~~~~~~~~~~~~~~~~~~~~~~~~~
/Users/worldbuilder/Desktop/Booter & BigARM/Engine/.cache/probe-sources/bgfx/3rdparty/glslang/glslang/MachineIndependent/ParseHelper.cpp:12358:102: warning: arithmetic between different enumeration types ('TLayoutPacking' and 'TLayoutMatrix') is deprecated [-Wdeprecated-enum-enum-conversion]
 12358 |         size_t tmpMemberHash = hasher(tmpType->getStruct()->at(i).type->getQualifier().layoutPacking +
       |                                       ~~~~~~~~~~~~~~~~~~~~~~~~~~~~~~~~~~~~~~~~~~~~~~~~~~~~~~~~~~~~~~ ^
 12359 |                                       tmpType->getStruct()->at(i).type->getQualifier().layoutMatrix);
       |                                       ~~~~~~~~~~~~~~~~~~~~~~~~~~~~~~~~~~~~~~~~~~~~~~~~~~~~~~~~~~~~~
[ 44%] Building CXX object bgfx/cmake/bgfx/CMakeFiles/bgfx.dir/__/__/__/bgfx/src/renderer_gl.cpp.o
[ 44%] Building CXX object bgfx/cmake/bgfx/CMakeFiles/spirv-opt.dir/__/__/__/bgfx/3rdparty/spirv-tools/source/opt/freeze_spec_constant_value_pass.cpp.o
[ 45%] Building CXX object bgfx/cmake/bgfx/CMakeFiles/bgfx.dir/__/__/__/bgfx/src/renderer_gnm.cpp.o
[ 45%] Building CXX object bgfx/cmake/bgfx/CMakeFiles/bgfx.dir/__/__/__/bgfx/src/renderer_mtl.cpp.o
[ 45%] Building CXX object bgfx/cmake/bgfx/CMakeFiles/tint.dir/__/__/__/bgfx/3rdparty/dawn/src/tint/lang/core/ir/swizzle.cc.o
[ 45%] Building CXX object bgfx/cmake/bgfx/CMakeFiles/spirv-opt.dir/__/__/__/bgfx/3rdparty/spirv-tools/source/opt/function.cpp.o
[ 45%] Building CXX object bgfx/cmake/bgfx/CMakeFiles/tint.dir/__/__/__/bgfx/3rdparty/dawn/src/tint/lang/core/ir/terminate_invocation.cc.o
2 warnings generated.
[ 45%] Building CXX object bgfx/cmake/bgfx/CMakeFiles/glslang.dir/__/__/__/bgfx/3rdparty/glslang/glslang/MachineIndependent/PoolAlloc.cpp.o
[ 46%] Building CXX object bgfx/cmake/bgfx/CMakeFiles/tint.dir/__/__/__/bgfx/3rdparty/dawn/src/tint/lang/core/ir/terminator.cc.o
[ 46%] Building CXX object bgfx/cmake/bgfx/CMakeFiles/bgfx.dir/__/__/__/bgfx/src/renderer_noop.cpp.o
[ 46%] Building CXX object bgfx/cmake/bgfx/CMakeFiles/bgfx.dir/__/__/__/bgfx/src/renderer_nvn.cpp.o
[ 46%] Building CXX object bgfx/cmake/bgfx/CMakeFiles/glslang.dir/__/__/__/bgfx/3rdparty/glslang/glslang/MachineIndependent/RemoveTree.cpp.o
[ 46%] Building CXX object bgfx/cmake/bgfx/CMakeFiles/bgfx.dir/__/__/__/bgfx/src/renderer_vk.cpp.o
[ 46%] Building CXX object bgfx/cmake/bgfx/CMakeFiles/spirv-opt.dir/__/__/__/bgfx/3rdparty/spirv-tools/source/opt/graph.cpp.o
[ 46%] Building CXX object bgfx/cmake/bgfx/CMakeFiles/tint.dir/__/__/__/bgfx/3rdparty/dawn/src/tint/lang/core/ir/transform/array_length_from.cc.o
[ 47%] Building CXX object bgfx/cmake/bgfx/CMakeFiles/glslang.dir/__/__/__/bgfx/3rdparty/glslang/glslang/MachineIndependent/Scan.cpp.o
[ 47%] Building CXX object bgfx/cmake/bgfx/CMakeFiles/spirv-opt.dir/__/__/__/bgfx/3rdparty/spirv-tools/source/opt/graphics_robust_access_pass.cpp.o
[ 47%] Building CXX object bgfx/cmake/bgfx/CMakeFiles/tint.dir/__/__/__/bgfx/3rdparty/dawn/src/tint/lang/core/ir/transform/bgra8unorm_polyfill.cc.o
[ 47%] Building CXX object bgfx/cmake/bgfx/CMakeFiles/glslang.dir/__/__/__/bgfx/3rdparty/glslang/glslang/MachineIndependent/ShaderLang.cpp.o
[ 47%] Building CXX object bgfx/cmake/bgfx/CMakeFiles/bgfx.dir/__/__/__/bgfx/src/renderer_webgpu.cpp.o
[ 47%] Building CXX object bgfx/cmake/bgfx/CMakeFiles/spirv-opt.dir/__/__/__/bgfx/3rdparty/spirv-tools/source/opt/if_conversion.cpp.o
[ 47%] Building CXX object bgfx/cmake/bgfx/CMakeFiles/tint.dir/__/__/__/bgfx/3rdparty/dawn/src/tint/lang/core/ir/transform/binary_polyfill.cc.o
[ 47%] Building CXX object bgfx/cmake/bgfx/CMakeFiles/tint.dir/__/__/__/bgfx/3rdparty/dawn/src/tint/lang/core/ir/transform/binding_remapper.cc.o
[ 47%] Building CXX object bgfx/cmake/bgfx/CMakeFiles/glslang.dir/__/__/__/bgfx/3rdparty/glslang/glslang/MachineIndependent/SpirvIntrinsics.cpp.o
[ 47%] Building CXX object bgfx/cmake/bgfx/CMakeFiles/spirv-opt.dir/__/__/__/bgfx/3rdparty/spirv-tools/source/opt/inline_exhaustive_pass.cpp.o
[ 47%] Building CXX object bgfx/cmake/bgfx/CMakeFiles/bgfx.dir/__/__/__/bgfx/src/shader.cpp.o
[ 47%] Building CXX object bgfx/cmake/bgfx/CMakeFiles/tint.dir/__/__/__/bgfx/3rdparty/dawn/src/tint/lang/core/ir/transform/block_decorated_structs.cc.o
[ 47%] Building CXX object bgfx/cmake/bgfx/CMakeFiles/bgfx.dir/__/__/__/bgfx/src/topology.cpp.o
[ 47%] Building CXX object bgfx/cmake/bgfx/CMakeFiles/bgfx.dir/__/__/__/bgfx/src/vertexlayout.cpp.o
[ 47%] Building CXX object bgfx/cmake/bgfx/CMakeFiles/glslang.dir/__/__/__/bgfx/3rdparty/glslang/glslang/MachineIndependent/SymbolTable.cpp.o
[ 47%] Building CXX object bgfx/cmake/bgfx/CMakeFiles/bgfx.dir/__/__/__/bgfx/src/video_d3d11.cpp.o
[ 47%] Building CXX object bgfx/cmake/bgfx/CMakeFiles/spirv-opt.dir/__/__/__/bgfx/3rdparty/spirv-tools/source/opt/inline_opaque_pass.cpp.o
[ 47%] Building CXX object bgfx/cmake/bgfx/CMakeFiles/bgfx.dir/__/__/__/bgfx/src/video_d3d12.cpp.o
[ 47%] Building CXX object bgfx/cmake/bgfx/CMakeFiles/tint.dir/__/__/__/bgfx/3rdparty/dawn/src/tint/lang/core/ir/transform/builtin_polyfill.cc.o
[ 48%] Building CXX object bgfx/cmake/bgfx/CMakeFiles/bgfx.dir/__/__/__/bgfx/src/video_mtl.cpp.o
[ 48%] Building CXX object bgfx/cmake/bgfx/CMakeFiles/glslang.dir/__/__/__/bgfx/3rdparty/glslang/glslang/MachineIndependent/Versions.cpp.o
[ 48%] Building CXX object bgfx/cmake/bgfx/CMakeFiles/spirv-opt.dir/__/__/__/bgfx/3rdparty/spirv-tools/source/opt/inline_pass.cpp.o
[ 48%] Building CXX object bgfx/cmake/bgfx/CMakeFiles/bgfx.dir/__/__/__/bgfx/src/video_vk.cpp.o
[ 48%] Building CXX object bgfx/cmake/bgfx/CMakeFiles/glslang.dir/__/__/__/bgfx/3rdparty/glslang/glslang/MachineIndependent/attribute.cpp.o
[ 48%] Building CXX object bgfx/cmake/bgfx/CMakeFiles/tint.dir/__/__/__/bgfx/3rdparty/dawn/src/tint/lang/core/ir/transform/builtin_scalarize.cc.o
[ 48%] Linking CXX static library libbgfx.a
[ 48%] Built target bgfx
[ 48%] Building CXX object bgfx/cmake/bgfx/CMakeFiles/spirv-opt.dir/__/__/__/bgfx/3rdparty/spirv-tools/source/opt/instruction.cpp.o
[ 48%] Building CXX object bgfx/cmake/bgfx/CMakeFiles/glslang.dir/__/__/__/bgfx/3rdparty/glslang/glslang/MachineIndependent/glslang_tab.cpp.o
[ 48%] Building CXX object bgfx/cmake/bgfx/CMakeFiles/tint.dir/__/__/__/bgfx/3rdparty/dawn/src/tint/lang/core/ir/transform/change_immediate_to_uniform.cc.o
[ 48%] Building CXX object bgfx/cmake/bgfx/CMakeFiles/spirv-opt.dir/__/__/__/bgfx/3rdparty/spirv-tools/source/opt/instruction_list.cpp.o
[ 48%] Building CXX object bgfx/cmake/bgfx/CMakeFiles/spirv-opt.dir/__/__/__/bgfx/3rdparty/spirv-tools/source/opt/interface_var_sroa.cpp.o
[ 48%] Building CXX object bgfx/cmake/bgfx/CMakeFiles/tint.dir/__/__/__/bgfx/3rdparty/dawn/src/tint/lang/core/ir/transform/collapse_subgroup_min_max.cc.o
[ 50%] Building CXX object bgfx/cmake/bgfx/CMakeFiles/spirv-opt.dir/__/__/__/bgfx/3rdparty/spirv-tools/source/opt/interp_fixup_pass.cpp.o
[ 50%] Building CXX object bgfx/cmake/bgfx/CMakeFiles/glslang.dir/__/__/__/bgfx/3rdparty/glslang/glslang/MachineIndependent/intermOut.cpp.o
[ 50%] Building CXX object bgfx/cmake/bgfx/CMakeFiles/tint.dir/__/__/__/bgfx/3rdparty/dawn/src/tint/lang/core/ir/transform/combine_access_instructions.cc.o
[ 50%] Building CXX object bgfx/cmake/bgfx/CMakeFiles/tint.dir/__/__/__/bgfx/3rdparty/dawn/src/tint/lang/core/ir/transform/conversion_polyfill.cc.o
[ 50%] Building CXX object bgfx/cmake/bgfx/CMakeFiles/spirv-opt.dir/__/__/__/bgfx/3rdparty/spirv-tools/source/opt/invocation_interlock_placement_pass.cpp.o
[ 50%] Building CXX object bgfx/cmake/bgfx/CMakeFiles/spirv-opt.dir/__/__/__/bgfx/3rdparty/spirv-tools/source/opt/ir_context.cpp.o
[ 50%] Building CXX object bgfx/cmake/bgfx/CMakeFiles/glslang.dir/__/__/__/bgfx/3rdparty/glslang/glslang/MachineIndependent/iomapper.cpp.o
[ 51%] Building CXX object bgfx/cmake/bgfx/CMakeFiles/tint.dir/__/__/__/bgfx/3rdparty/dawn/src/tint/lang/core/ir/transform/dead_code_elimination.cc.o
[ 51%] Building CXX object bgfx/cmake/bgfx/CMakeFiles/spirv-opt.dir/__/__/__/bgfx/3rdparty/spirv-tools/source/opt/ir_loader.cpp.o
[ 51%] Building CXX object bgfx/cmake/bgfx/CMakeFiles/tint.dir/__/__/__/bgfx/3rdparty/dawn/src/tint/lang/core/ir/transform/decompose_access.cc.o
[ 51%] Building CXX object bgfx/cmake/bgfx/CMakeFiles/spirv-opt.dir/__/__/__/bgfx/3rdparty/spirv-tools/source/opt/legalize_multidim_array_pass.cpp.o
[ 51%] Building CXX object bgfx/cmake/bgfx/CMakeFiles/glslang.dir/__/__/__/bgfx/3rdparty/glslang/glslang/MachineIndependent/limits.cpp.o
[ 51%] Building CXX object bgfx/cmake/bgfx/CMakeFiles/glslang.dir/__/__/__/bgfx/3rdparty/glslang/glslang/MachineIndependent/linkValidate.cpp.o
[ 51%] Building CXX object bgfx/cmake/bgfx/CMakeFiles/spirv-opt.dir/__/__/__/bgfx/3rdparty/spirv-tools/source/opt/licm_pass.cpp.o
[ 51%] Building CXX object bgfx/cmake/bgfx/CMakeFiles/spirv-opt.dir/__/__/__/bgfx/3rdparty/spirv-tools/source/opt/liveness.cpp.o
[ 51%] Building CXX object bgfx/cmake/bgfx/CMakeFiles/tint.dir/__/__/__/bgfx/3rdparty/dawn/src/tint/lang/core/ir/transform/demote_to_helper.cc.o
[ 51%] Building CXX object bgfx/cmake/bgfx/CMakeFiles/spirv-opt.dir/__/__/__/bgfx/3rdparty/spirv-tools/source/opt/local_access_chain_convert_pass.cpp.o
[ 51%] Building CXX object bgfx/cmake/bgfx/CMakeFiles/tint.dir/__/__/__/bgfx/3rdparty/dawn/src/tint/lang/core/ir/transform/direct_variable_access.cc.o
[ 51%] Building CXX object bgfx/cmake/bgfx/CMakeFiles/spirv-opt.dir/__/__/__/bgfx/3rdparty/spirv-tools/source/opt/local_redundancy_elimination.cpp.o
[ 52%] Building CXX object bgfx/cmake/bgfx/CMakeFiles/glslang.dir/__/__/__/bgfx/3rdparty/glslang/glslang/MachineIndependent/parseConst.cpp.o
[ 52%] Building CXX object bgfx/cmake/bgfx/CMakeFiles/glslang.dir/__/__/__/bgfx/3rdparty/glslang/glslang/MachineIndependent/preprocessor/Pp.cpp.o
[ 52%] Building CXX object bgfx/cmake/bgfx/CMakeFiles/tint.dir/__/__/__/bgfx/3rdparty/dawn/src/tint/lang/core/ir/transform/multiplanar_external_texture.cc.o
[ 52%] Building CXX object bgfx/cmake/bgfx/CMakeFiles/spirv-opt.dir/__/__/__/bgfx/3rdparty/spirv-tools/source/opt/local_single_block_elim_pass.cpp.o
[ 52%] Building CXX object bgfx/cmake/bgfx/CMakeFiles/tint.dir/__/__/__/bgfx/3rdparty/dawn/src/tint/lang/core/ir/transform/prepare_immediate_data.cc.o
[ 52%] Building CXX object bgfx/cmake/bgfx/CMakeFiles/glslang.dir/__/__/__/bgfx/3rdparty/glslang/glslang/MachineIndependent/preprocessor/PpAtom.cpp.o
[ 52%] Building CXX object bgfx/cmake/bgfx/CMakeFiles/tint.dir/__/__/__/bgfx/3rdparty/dawn/src/tint/lang/core/ir/transform/preserve_padding.cc.o
[ 52%] Building CXX object bgfx/cmake/bgfx/CMakeFiles/spirv-opt.dir/__/__/__/bgfx/3rdparty/spirv-tools/source/opt/local_single_store_elim_pass.cpp.o
[ 52%] Building CXX object bgfx/cmake/bgfx/CMakeFiles/tint.dir/__/__/__/bgfx/3rdparty/dawn/src/tint/lang/core/ir/transform/prevent_infinite_loops.cc.o
[ 52%] Building CXX object bgfx/cmake/bgfx/CMakeFiles/glslang.dir/__/__/__/bgfx/3rdparty/glslang/glslang/MachineIndependent/preprocessor/PpContext.cpp.o
[ 52%] Building CXX object bgfx/cmake/bgfx/CMakeFiles/tint.dir/__/__/__/bgfx/3rdparty/dawn/src/tint/lang/core/ir/transform/propagate_buffer_sizes.cc.o
[ 52%] Building CXX object bgfx/cmake/bgfx/CMakeFiles/tint.dir/__/__/__/bgfx/3rdparty/dawn/src/tint/lang/core/ir/transform/remove_continue_in_switch.cc.o
[ 53%] Building CXX object bgfx/cmake/bgfx/CMakeFiles/spirv-opt.dir/__/__/__/bgfx/3rdparty/spirv-tools/source/opt/loop_dependence.cpp.o
[ 53%] Building CXX object bgfx/cmake/bgfx/CMakeFiles/glslang.dir/__/__/__/bgfx/3rdparty/glslang/glslang/MachineIndependent/preprocessor/PpScanner.cpp.o
[ 53%] Building CXX object bgfx/cmake/bgfx/CMakeFiles/tint.dir/__/__/__/bgfx/3rdparty/dawn/src/tint/lang/core/ir/transform/remove_terminator_args.cc.o
[ 54%] Building CXX object bgfx/cmake/bgfx/CMakeFiles/tint.dir/__/__/__/bgfx/3rdparty/dawn/src/tint/lang/core/ir/transform/remove_uniform_vector_component_loads.cc.o
[ 54%] Building CXX object bgfx/cmake/bgfx/CMakeFiles/glslang.dir/__/__/__/bgfx/3rdparty/glslang/glslang/MachineIndependent/preprocessor/PpTokens.cpp.o
[ 54%] Building CXX object bgfx/cmake/bgfx/CMakeFiles/tint.dir/__/__/__/bgfx/3rdparty/dawn/src/tint/lang/core/ir/transform/rename_conflicts.cc.o
[ 54%] Building CXX object bgfx/cmake/bgfx/CMakeFiles/tint.dir/__/__/__/bgfx/3rdparty/dawn/src/tint/lang/core/ir/transform/resource_table.cc.o
[ 54%] Building CXX object bgfx/cmake/bgfx/CMakeFiles/spirv-opt.dir/__/__/__/bgfx/3rdparty/spirv-tools/source/opt/loop_dependence_helpers.cpp.o
[ 54%] Building CXX object bgfx/cmake/bgfx/CMakeFiles/glslang.dir/__/__/__/bgfx/3rdparty/glslang/glslang/MachineIndependent/propagateNoContraction.cpp.o
[ 54%] Building CXX object bgfx/cmake/bgfx/CMakeFiles/spirv-opt.dir/__/__/__/bgfx/3rdparty/spirv-tools/source/opt/loop_descriptor.cpp.o
[ 54%] Building CXX object bgfx/cmake/bgfx/CMakeFiles/tint.dir/__/__/__/bgfx/3rdparty/dawn/src/tint/lang/core/ir/transform/resource_table_helper.cc.o
[ 54%] Building CXX object bgfx/cmake/bgfx/CMakeFiles/spirv-opt.dir/__/__/__/bgfx/3rdparty/spirv-tools/source/opt/loop_fission.cpp.o
[ 54%] Building CXX object bgfx/cmake/bgfx/CMakeFiles/glslang.dir/__/__/__/bgfx/3rdparty/glslang/glslang/MachineIndependent/reflection.cpp.o
[ 54%] Building CXX object bgfx/cmake/bgfx/CMakeFiles/tint.dir/__/__/__/bgfx/3rdparty/dawn/src/tint/lang/core/ir/transform/robustness.cc.o
[ 54%] Building CXX object bgfx/cmake/bgfx/CMakeFiles/spirv-opt.dir/__/__/__/bgfx/3rdparty/spirv-tools/source/opt/loop_fusion.cpp.o
[ 54%] Building CXX object bgfx/cmake/bgfx/CMakeFiles/glslang.dir/__/__/__/bgfx/3rdparty/glslang/glslang/OSDependent/Unix/ossource.cpp.o
[ 54%] Building CXX object bgfx/cmake/bgfx/CMakeFiles/glslang.dir/__/__/__/bgfx/3rdparty/glslang/glslang/ResourceLimits/ResourceLimits.cpp.o
[ 54%] Building CXX object bgfx/cmake/bgfx/CMakeFiles/tint.dir/__/__/__/bgfx/3rdparty/dawn/src/tint/lang/core/ir/transform/shader_io.cc.o
[ 54%] Building CXX object bgfx/cmake/bgfx/CMakeFiles/tint.dir/__/__/__/bgfx/3rdparty/dawn/src/tint/lang/core/ir/transform/signed_integer_polyfill.cc.o
[ 54%] Building CXX object bgfx/cmake/bgfx/CMakeFiles/glslang.dir/__/__/__/bgfx/3rdparty/glslang/glslang/ResourceLimits/resource_limits_c.cpp.o
[ 54%] Building CXX object bgfx/cmake/bgfx/CMakeFiles/glslang.dir/__/__/__/bgfx/3rdparty/glslang/glslang/stub.cpp.o
[ 55%] Linking CXX static library libglslang.a
[ 55%] Built target glslang
[ 55%] Building CXX object bgfx/cmake/bgfx/CMakeFiles/spirv-opt.dir/__/__/__/bgfx/3rdparty/spirv-tools/source/opt/loop_fusion_pass.cpp.o
[ 55%] Building CXX object bgfx/cmake/bgfx/CMakeFiles/tint.dir/__/__/__/bgfx/3rdparty/dawn/src/tint/lang/core/ir/transform/single_entry_point.cc.o
[ 55%] Building CXX object bgfx/cmake/bgfx/CMakeFiles/spirv-opt.dir/__/__/__/bgfx/3rdparty/spirv-tools/source/opt/loop_peeling.cpp.o
[ 55%] Building CXX object bgfx/cmake/bgfx/CMakeFiles/tint.dir/__/__/__/bgfx/3rdparty/dawn/src/tint/lang/core/ir/transform/std140.cc.o
[ 55%] Building CXX object bgfx/cmake/bgfx/CMakeFiles/spirv-opt.dir/__/__/__/bgfx/3rdparty/spirv-tools/source/opt/loop_unroller.cpp.o
[ 55%] Building CXX object bgfx/cmake/bgfx/CMakeFiles/spirv-opt.dir/__/__/__/bgfx/3rdparty/spirv-tools/source/opt/loop_unswitch_pass.cpp.o
[ 55%] Building CXX object bgfx/cmake/bgfx/CMakeFiles/tint.dir/__/__/__/bgfx/3rdparty/dawn/src/tint/lang/core/ir/transform/substitute_overrides.cc.o
[ 55%] Building CXX object bgfx/cmake/bgfx/CMakeFiles/spirv-opt.dir/__/__/__/bgfx/3rdparty/spirv-tools/source/opt/loop_utils.cpp.o
[ 55%] Building CXX object bgfx/cmake/bgfx/CMakeFiles/tint.dir/__/__/__/bgfx/3rdparty/dawn/src/tint/lang/core/ir/transform/value_to_let.cc.o
[ 55%] Building CXX object bgfx/cmake/bgfx/CMakeFiles/spirv-opt.dir/__/__/__/bgfx/3rdparty/spirv-tools/source/opt/mem_pass.cpp.o
[ 55%] Building CXX object bgfx/cmake/bgfx/CMakeFiles/spirv-opt.dir/__/__/__/bgfx/3rdparty/spirv-tools/source/opt/merge_return_pass.cpp.o
[ 55%] Building CXX object bgfx/cmake/bgfx/CMakeFiles/tint.dir/__/__/__/bgfx/3rdparty/dawn/src/tint/lang/core/ir/transform/vectorize_scalar_matrix_constructors.cc.o
[ 56%] Building CXX object bgfx/cmake/bgfx/CMakeFiles/spirv-opt.dir/__/__/__/bgfx/3rdparty/spirv-tools/source/opt/modify_maximal_reconvergence.cpp.o
[ 56%] Building CXX object bgfx/cmake/bgfx/CMakeFiles/spirv-opt.dir/__/__/__/bgfx/3rdparty/spirv-tools/source/opt/module.cpp.o
[ 57%] Building CXX object bgfx/cmake/bgfx/CMakeFiles/tint.dir/__/__/__/bgfx/3rdparty/dawn/src/tint/lang/core/ir/transform/vertex_pulling.cc.o
[ 57%] Building CXX object bgfx/cmake/bgfx/CMakeFiles/spirv-opt.dir/__/__/__/bgfx/3rdparty/spirv-tools/source/opt/opextinst_forward_ref_fixup_pass.cpp.o
[ 57%] Building CXX object bgfx/cmake/bgfx/CMakeFiles/spirv-opt.dir/__/__/__/bgfx/3rdparty/spirv-tools/source/opt/optimizer.cpp.o
[ 57%] Building CXX object bgfx/cmake/bgfx/CMakeFiles/spirv-opt.dir/__/__/__/bgfx/3rdparty/spirv-tools/source/opt/pass.cpp.o
[ 57%] Building CXX object bgfx/cmake/bgfx/CMakeFiles/tint.dir/__/__/__/bgfx/3rdparty/dawn/src/tint/lang/core/ir/transform/zero_init_workgroup_memory.cc.o
[ 57%] Building CXX object bgfx/cmake/bgfx/CMakeFiles/spirv-opt.dir/__/__/__/bgfx/3rdparty/spirv-tools/source/opt/pass_manager.cpp.o
[ 57%] Building CXX object bgfx/cmake/bgfx/CMakeFiles/tint.dir/__/__/__/bgfx/3rdparty/dawn/src/tint/lang/core/ir/type/array_count.cc.o
[ 57%] Building CXX object bgfx/cmake/bgfx/CMakeFiles/spirv-opt.dir/__/__/__/bgfx/3rdparty/spirv-tools/source/opt/pch_source_opt.cpp.o
[ 57%] Building CXX object bgfx/cmake/bgfx/CMakeFiles/spirv-opt.dir/__/__/__/bgfx/3rdparty/spirv-tools/source/opt/private_to_local_pass.cpp.o
[ 57%] Building CXX object bgfx/cmake/bgfx/CMakeFiles/tint.dir/__/__/__/bgfx/3rdparty/dawn/src/tint/lang/core/ir/unary.cc.o
[ 57%] Building CXX object bgfx/cmake/bgfx/CMakeFiles/spirv-opt.dir/__/__/__/bgfx/3rdparty/spirv-tools/source/opt/propagator.cpp.o
[ 57%] Building CXX object bgfx/cmake/bgfx/CMakeFiles/spirv-opt.dir/__/__/__/bgfx/3rdparty/spirv-tools/source/opt/reduce_load_size.cpp.o
[ 57%] Building CXX object bgfx/cmake/bgfx/CMakeFiles/tint.dir/__/__/__/bgfx/3rdparty/dawn/src/tint/lang/core/ir/unreachable.cc.o
[ 57%] Building CXX object bgfx/cmake/bgfx/CMakeFiles/spirv-opt.dir/__/__/__/bgfx/3rdparty/spirv-tools/source/opt/redundancy_elimination.cpp.o
[ 57%] Building CXX object bgfx/cmake/bgfx/CMakeFiles/tint.dir/__/__/__/bgfx/3rdparty/dawn/src/tint/lang/core/ir/unused.cc.o
[ 58%] Building CXX object bgfx/cmake/bgfx/CMakeFiles/spirv-opt.dir/__/__/__/bgfx/3rdparty/spirv-tools/source/opt/register_pressure.cpp.o
[ 58%] Building CXX object bgfx/cmake/bgfx/CMakeFiles/tint.dir/__/__/__/bgfx/3rdparty/dawn/src/tint/lang/core/ir/user_call.cc.o
[ 58%] Building CXX object bgfx/cmake/bgfx/CMakeFiles/spirv-opt.dir/__/__/__/bgfx/3rdparty/spirv-tools/source/opt/relax_float_ops_pass.cpp.o
[ 58%] Building CXX object bgfx/cmake/bgfx/CMakeFiles/spirv-opt.dir/__/__/__/bgfx/3rdparty/spirv-tools/source/opt/remove_dontinline_pass.cpp.o
[ 58%] Building CXX object bgfx/cmake/bgfx/CMakeFiles/tint.dir/__/__/__/bgfx/3rdparty/dawn/src/tint/lang/core/ir/validator.cc.o
[ 58%] Building CXX object bgfx/cmake/bgfx/CMakeFiles/tint.dir/__/__/__/bgfx/3rdparty/dawn/src/tint/lang/core/ir/value.cc.o
[ 58%] Building CXX object bgfx/cmake/bgfx/CMakeFiles/spirv-opt.dir/__/__/__/bgfx/3rdparty/spirv-tools/source/opt/remove_duplicates_pass.cpp.o
[ 58%] Building CXX object bgfx/cmake/bgfx/CMakeFiles/tint.dir/__/__/__/bgfx/3rdparty/dawn/src/tint/lang/core/ir/var.cc.o
[ 58%] Building CXX object bgfx/cmake/bgfx/CMakeFiles/spirv-opt.dir/__/__/__/bgfx/3rdparty/spirv-tools/source/opt/remove_unused_interface_variables_pass.cpp.o
[ 58%] Building CXX object bgfx/cmake/bgfx/CMakeFiles/tint.dir/__/__/__/bgfx/3rdparty/dawn/src/tint/lang/core/number.cc.o
[ 58%] Building CXX object bgfx/cmake/bgfx/CMakeFiles/spirv-opt.dir/__/__/__/bgfx/3rdparty/spirv-tools/source/opt/replace_desc_array_access_using_var_index.cpp.o
[ 60%] Building CXX object bgfx/cmake/bgfx/CMakeFiles/tint.dir/__/__/__/bgfx/3rdparty/dawn/src/tint/lang/core/type/abstract_float.cc.o
[ 60%] Building CXX object bgfx/cmake/bgfx/CMakeFiles/spirv-opt.dir/__/__/__/bgfx/3rdparty/spirv-tools/source/opt/replace_invalid_opc.cpp.o
[ 60%] Building CXX object bgfx/cmake/bgfx/CMakeFiles/tint.dir/__/__/__/bgfx/3rdparty/dawn/src/tint/lang/core/type/abstract_int.cc.o
[ 60%] Building CXX object bgfx/cmake/bgfx/CMakeFiles/spirv-opt.dir/__/__/__/bgfx/3rdparty/spirv-tools/source/opt/resolve_binding_conflicts_pass.cpp.o
[ 60%] Building CXX object bgfx/cmake/bgfx/CMakeFiles/tint.dir/__/__/__/bgfx/3rdparty/dawn/src/tint/lang/core/type/abstract_numeric.cc.o
[ 60%] Building CXX object bgfx/cmake/bgfx/CMakeFiles/spirv-opt.dir/__/__/__/bgfx/3rdparty/spirv-tools/source/opt/scalar_analysis.cpp.o
[ 60%] Building CXX object bgfx/cmake/bgfx/CMakeFiles/tint.dir/__/__/__/bgfx/3rdparty/dawn/src/tint/lang/core/type/array.cc.o
[ 60%] Building CXX object bgfx/cmake/bgfx/CMakeFiles/spirv-opt.dir/__/__/__/bgfx/3rdparty/spirv-tools/source/opt/scalar_analysis_simplification.cpp.o
[ 60%] Building CXX object bgfx/cmake/bgfx/CMakeFiles/tint.dir/__/__/__/bgfx/3rdparty/dawn/src/tint/lang/core/type/array_count.cc.o
[ 60%] Building CXX object bgfx/cmake/bgfx/CMakeFiles/spirv-opt.dir/__/__/__/bgfx/3rdparty/spirv-tools/source/opt/scalar_replacement_pass.cpp.o
[ 60%] Building CXX object bgfx/cmake/bgfx/CMakeFiles/tint.dir/__/__/__/bgfx/3rdparty/dawn/src/tint/lang/core/type/atomic.cc.o
[ 61%] Building CXX object bgfx/cmake/bgfx/CMakeFiles/spirv-opt.dir/__/__/__/bgfx/3rdparty/spirv-tools/source/opt/set_spec_constant_default_value_pass.cpp.o
[ 61%] Building CXX object bgfx/cmake/bgfx/CMakeFiles/spirv-opt.dir/__/__/__/bgfx/3rdparty/spirv-tools/source/opt/simplification_pass.cpp.o
[ 61%] Building CXX object bgfx/cmake/bgfx/CMakeFiles/tint.dir/__/__/__/bgfx/3rdparty/dawn/src/tint/lang/core/type/binding_array.cc.o
[ 61%] Building CXX object bgfx/cmake/bgfx/CMakeFiles/tint.dir/__/__/__/bgfx/3rdparty/dawn/src/tint/lang/core/type/bool.cc.o
[ 61%] Building CXX object bgfx/cmake/bgfx/CMakeFiles/tint.dir/__/__/__/bgfx/3rdparty/dawn/src/tint/lang/core/type/buffer.cc.o
[ 61%] Building CXX object bgfx/cmake/bgfx/CMakeFiles/spirv-opt.dir/__/__/__/bgfx/3rdparty/spirv-tools/source/opt/split_combined_image_sampler_pass.cpp.o
[ 61%] Building CXX object bgfx/cmake/bgfx/CMakeFiles/spirv-opt.dir/__/__/__/bgfx/3rdparty/spirv-tools/source/opt/spread_volatile_semantics.cpp.o
[ 61%] Building CXX object bgfx/cmake/bgfx/CMakeFiles/spirv-opt.dir/__/__/__/bgfx/3rdparty/spirv-tools/source/opt/ssa_rewrite_pass.cpp.o
[ 61%] Building CXX object bgfx/cmake/bgfx/CMakeFiles/tint.dir/__/__/__/bgfx/3rdparty/dawn/src/tint/lang/core/type/builtin_structs.cc.o
[ 61%] Building CXX object bgfx/cmake/bgfx/CMakeFiles/tint.dir/__/__/__/bgfx/3rdparty/dawn/src/tint/lang/core/type/depth_multisampled_texture.cc.o
[ 62%] Building CXX object bgfx/cmake/bgfx/CMakeFiles/tint.dir/__/__/__/bgfx/3rdparty/dawn/src/tint/lang/core/type/depth_texture.cc.o
[ 62%] Building CXX object bgfx/cmake/bgfx/CMakeFiles/spirv-opt.dir/__/__/__/bgfx/3rdparty/spirv-tools/source/opt/strength_reduction_pass.cpp.o
[ 62%] Building CXX object bgfx/cmake/bgfx/CMakeFiles/spirv-opt.dir/__/__/__/bgfx/3rdparty/spirv-tools/source/opt/strip_debug_info_pass.cpp.o
[ 62%] Building CXX object bgfx/cmake/bgfx/CMakeFiles/spirv-opt.dir/__/__/__/bgfx/3rdparty/spirv-tools/source/opt/strip_nonsemantic_info_pass.cpp.o
[ 62%] Building CXX object bgfx/cmake/bgfx/CMakeFiles/tint.dir/__/__/__/bgfx/3rdparty/dawn/src/tint/lang/core/type/external_texture.cc.o
[ 62%] Building CXX object bgfx/cmake/bgfx/CMakeFiles/spirv-opt.dir/__/__/__/bgfx/3rdparty/spirv-tools/source/opt/struct_cfg_analysis.cpp.o
[ 62%] Building CXX object bgfx/cmake/bgfx/CMakeFiles/tint.dir/__/__/__/bgfx/3rdparty/dawn/src/tint/lang/core/type/f16.cc.o
[ 62%] Building CXX object bgfx/cmake/bgfx/CMakeFiles/spirv-opt.dir/__/__/__/bgfx/3rdparty/spirv-tools/source/opt/struct_packing_pass.cpp.o
[ 62%] Building CXX object bgfx/cmake/bgfx/CMakeFiles/tint.dir/__/__/__/bgfx/3rdparty/dawn/src/tint/lang/core/type/f32.cc.o
[ 62%] Building CXX object bgfx/cmake/bgfx/CMakeFiles/spirv-opt.dir/__/__/__/bgfx/3rdparty/spirv-tools/source/opt/switch_descriptorset_pass.cpp.o
[ 62%] Building CXX object bgfx/cmake/bgfx/CMakeFiles/tint.dir/__/__/__/bgfx/3rdparty/dawn/src/tint/lang/core/type/function.cc.o
[ 62%] Building CXX object bgfx/cmake/bgfx/CMakeFiles/spirv-opt.dir/__/__/__/bgfx/3rdparty/spirv-tools/source/opt/trim_capabilities_pass.cpp.o
[ 63%] Building CXX object bgfx/cmake/bgfx/CMakeFiles/spirv-opt.dir/__/__/__/bgfx/3rdparty/spirv-tools/source/opt/type_manager.cpp.o
[ 63%] Building CXX object bgfx/cmake/bgfx/CMakeFiles/tint.dir/__/__/__/bgfx/3rdparty/dawn/src/tint/lang/core/type/i32.cc.o
[ 63%] Building CXX object bgfx/cmake/bgfx/CMakeFiles/tint.dir/__/__/__/bgfx/3rdparty/dawn/src/tint/lang/core/type/i8.cc.o
[ 63%] Building CXX object bgfx/cmake/bgfx/CMakeFiles/spirv-opt.dir/__/__/__/bgfx/3rdparty/spirv-tools/source/opt/types.cpp.o
[ 63%] Building CXX object bgfx/cmake/bgfx/CMakeFiles/tint.dir/__/__/__/bgfx/3rdparty/dawn/src/tint/lang/core/type/input_attachment.cc.o
[ 63%] Building CXX object bgfx/cmake/bgfx/CMakeFiles/spirv-opt.dir/__/__/__/bgfx/3rdparty/spirv-tools/source/opt/unify_const_pass.cpp.o
[ 63%] Building CXX object bgfx/cmake/bgfx/CMakeFiles/spirv-opt.dir/__/__/__/bgfx/3rdparty/spirv-tools/source/opt/upgrade_memory_model.cpp.o
[ 63%] Building CXX object bgfx/cmake/bgfx/CMakeFiles/tint.dir/__/__/__/bgfx/3rdparty/dawn/src/tint/lang/core/type/invalid.cc.o
[ 63%] Building CXX object bgfx/cmake/bgfx/CMakeFiles/tint.dir/__/__/__/bgfx/3rdparty/dawn/src/tint/lang/core/type/manager.cc.o
[ 63%] Building CXX object bgfx/cmake/bgfx/CMakeFiles/spirv-opt.dir/__/__/__/bgfx/3rdparty/spirv-tools/source/opt/value_number_table.cpp.o
[ 63%] Building CXX object bgfx/cmake/bgfx/CMakeFiles/tint.dir/__/__/__/bgfx/3rdparty/dawn/src/tint/lang/core/type/matrix.cc.o
[ 63%] Building CXX object bgfx/cmake/bgfx/CMakeFiles/tint.dir/__/__/__/bgfx/3rdparty/dawn/src/tint/lang/core/type/memory_view.cc.o
[ 64%] Building CXX object bgfx/cmake/bgfx/CMakeFiles/tint.dir/__/__/__/bgfx/3rdparty/dawn/src/tint/lang/core/type/multisampled_texture.cc.o
[ 64%] Building CXX object bgfx/cmake/bgfx/CMakeFiles/tint.dir/__/__/__/bgfx/3rdparty/dawn/src/tint/lang/core/type/node.cc.o
[ 64%] Building CXX object bgfx/cmake/bgfx/CMakeFiles/spirv-opt.dir/__/__/__/bgfx/3rdparty/spirv-tools/source/opt/vector_dce.cpp.o
[ 64%] Building CXX object bgfx/cmake/bgfx/CMakeFiles/spirv-opt.dir/__/__/__/bgfx/3rdparty/spirv-tools/source/opt/workaround1209.cpp.o
[ 64%] Building CXX object bgfx/cmake/bgfx/CMakeFiles/spirv-opt.dir/__/__/__/bgfx/3rdparty/spirv-tools/source/opt/wrap_opkill.cpp.o
[ 64%] Building CXX object bgfx/cmake/bgfx/CMakeFiles/tint.dir/__/__/__/bgfx/3rdparty/dawn/src/tint/lang/core/type/numeric_scalar.cc.o
[ 64%] Building CXX object bgfx/cmake/bgfx/CMakeFiles/tint.dir/__/__/__/bgfx/3rdparty/dawn/src/tint/lang/core/type/pointer.cc.o
[ 64%] Building CXX object bgfx/cmake/bgfx/CMakeFiles/spirv-opt.dir/__/__/__/bgfx/3rdparty/spirv-tools/source/parsed_operand.cpp.o
[ 64%] Building CXX object bgfx/cmake/bgfx/CMakeFiles/tint.dir/__/__/__/bgfx/3rdparty/dawn/src/tint/lang/core/type/reference.cc.o
[ 64%] Building CXX object bgfx/cmake/bgfx/CMakeFiles/spirv-opt.dir/__/__/__/bgfx/3rdparty/spirv-tools/source/print.cpp.o
[ 64%] Building CXX object bgfx/cmake/bgfx/CMakeFiles/spirv-opt.dir/__/__/__/bgfx/3rdparty/spirv-tools/source/reduce/change_operand_reduction_opportunity.cpp.o
[ 65%] Building CXX object bgfx/cmake/bgfx/CMakeFiles/spirv-opt.dir/__/__/__/bgfx/3rdparty/spirv-tools/source/reduce/change_operand_to_undef_reduction_opportunity.cpp.o
[ 65%] Building CXX object bgfx/cmake/bgfx/CMakeFiles/spirv-opt.dir/__/__/__/bgfx/3rdparty/spirv-tools/source/reduce/conditional_branch_to_simple_conditional_branch_opportunity_finder.cpp.o
[ 65%] Building CXX object bgfx/cmake/bgfx/CMakeFiles/tint.dir/__/__/__/bgfx/3rdparty/dawn/src/tint/lang/core/type/resource_table.cc.o
[ 65%] Building CXX object bgfx/cmake/bgfx/CMakeFiles/tint.dir/__/__/__/bgfx/3rdparty/dawn/src/tint/lang/core/type/resource_type.cc.o
[ 65%] Building CXX object bgfx/cmake/bgfx/CMakeFiles/tint.dir/__/__/__/bgfx/3rdparty/dawn/src/tint/lang/core/type/sampled_texture.cc.o
[ 65%] Building CXX object bgfx/cmake/bgfx/CMakeFiles/spirv-opt.dir/__/__/__/bgfx/3rdparty/spirv-tools/source/reduce/conditional_branch_to_simple_conditional_branch_reduction_opportunity.cpp.o
[ 65%] Building CXX object bgfx/cmake/bgfx/CMakeFiles/spirv-opt.dir/__/__/__/bgfx/3rdparty/spirv-tools/source/reduce/merge_blocks_reduction_opportunity.cpp.o
[ 65%] Building CXX object bgfx/cmake/bgfx/CMakeFiles/tint.dir/__/__/__/bgfx/3rdparty/dawn/src/tint/lang/core/type/sampler.cc.o
[ 65%] Building CXX object bgfx/cmake/bgfx/CMakeFiles/tint.dir/__/__/__/bgfx/3rdparty/dawn/src/tint/lang/core/type/sampler_kind.cc.o
[ 65%] Building CXX object bgfx/cmake/bgfx/CMakeFiles/tint.dir/__/__/__/bgfx/3rdparty/dawn/src/tint/lang/core/type/scalar.cc.o
[ 65%] Building CXX object bgfx/cmake/bgfx/CMakeFiles/spirv-opt.dir/__/__/__/bgfx/3rdparty/spirv-tools/source/reduce/merge_blocks_reduction_opportunity_finder.cpp.o
[ 65%] Building CXX object bgfx/cmake/bgfx/CMakeFiles/spirv-opt.dir/__/__/__/bgfx/3rdparty/spirv-tools/source/reduce/operand_to_const_reduction_opportunity_finder.cpp.o
[ 65%] Building CXX object bgfx/cmake/bgfx/CMakeFiles/spirv-opt.dir/__/__/__/bgfx/3rdparty/spirv-tools/source/reduce/operand_to_dominating_id_reduction_opportunity_finder.cpp.o
[ 66%] Building CXX object bgfx/cmake/bgfx/CMakeFiles/tint.dir/__/__/__/bgfx/3rdparty/dawn/src/tint/lang/core/type/storage_texture.cc.o
[ 66%] Building CXX object bgfx/cmake/bgfx/CMakeFiles/tint.dir/__/__/__/bgfx/3rdparty/dawn/src/tint/lang/core/type/string.cc.o
[ 66%] Building CXX object bgfx/cmake/bgfx/CMakeFiles/spirv-opt.dir/__/__/__/bgfx/3rdparty/spirv-tools/source/reduce/operand_to_undef_reduction_opportunity_finder.cpp.o
[ 66%] Building CXX object bgfx/cmake/bgfx/CMakeFiles/spirv-opt.dir/__/__/__/bgfx/3rdparty/spirv-tools/source/reduce/pch_source_reduce.cpp.o
[ 66%] Building CXX object bgfx/cmake/bgfx/CMakeFiles/spirv-opt.dir/__/__/__/bgfx/3rdparty/spirv-tools/source/reduce/reducer.cpp.o
[ 66%] Building CXX object bgfx/cmake/bgfx/CMakeFiles/tint.dir/__/__/__/bgfx/3rdparty/dawn/src/tint/lang/core/type/struct.cc.o
[ 66%] Building CXX object bgfx/cmake/bgfx/CMakeFiles/spirv-opt.dir/__/__/__/bgfx/3rdparty/spirv-tools/source/reduce/reduction_opportunity.cpp.o
[ 66%] Building CXX object bgfx/cmake/bgfx/CMakeFiles/tint.dir/__/__/__/bgfx/3rdparty/dawn/src/tint/lang/core/type/subgroup_matrix.cc.o
[ 66%] Building CXX object bgfx/cmake/bgfx/CMakeFiles/tint.dir/__/__/__/bgfx/3rdparty/dawn/src/tint/lang/core/type/swizzle_view.cc.o
[ 66%] Building CXX object bgfx/cmake/bgfx/CMakeFiles/spirv-opt.dir/__/__/__/bgfx/3rdparty/spirv-tools/source/reduce/reduction_opportunity_finder.cpp.o
[ 66%] Building CXX object bgfx/cmake/bgfx/CMakeFiles/tint.dir/__/__/__/bgfx/3rdparty/dawn/src/tint/lang/core/type/texel_buffer.cc.o
[ 67%] Building CXX object bgfx/cmake/bgfx/CMakeFiles/spirv-opt.dir/__/__/__/bgfx/3rdparty/spirv-tools/source/reduce/reduction_pass.cpp.o
[ 67%] Building CXX object bgfx/cmake/bgfx/CMakeFiles/tint.dir/__/__/__/bgfx/3rdparty/dawn/src/tint/lang/core/type/texture.cc.o
[ 67%] Building CXX object bgfx/cmake/bgfx/CMakeFiles/spirv-opt.dir/__/__/__/bgfx/3rdparty/spirv-tools/source/reduce/reduction_util.cpp.o
[ 67%] Building CXX object bgfx/cmake/bgfx/CMakeFiles/tint.dir/__/__/__/bgfx/3rdparty/dawn/src/tint/lang/core/type/texture_dimension.cc.o
[ 67%] Building CXX object bgfx/cmake/bgfx/CMakeFiles/tint.dir/__/__/__/bgfx/3rdparty/dawn/src/tint/lang/core/type/type.cc.o
[ 67%] Building CXX object bgfx/cmake/bgfx/CMakeFiles/tint.dir/__/__/__/bgfx/3rdparty/dawn/src/tint/lang/core/type/u16.cc.o
[ 67%] Building CXX object bgfx/cmake/bgfx/CMakeFiles/tint.dir/__/__/__/bgfx/3rdparty/dawn/src/tint/lang/core/type/u32.cc.o
[ 67%] Building CXX object bgfx/cmake/bgfx/CMakeFiles/tint.dir/__/__/__/bgfx/3rdparty/dawn/src/tint/lang/core/type/u64.cc.o
[ 67%] Building CXX object bgfx/cmake/bgfx/CMakeFiles/spirv-opt.dir/__/__/__/bgfx/3rdparty/spirv-tools/source/reduce/remove_block_reduction_opportunity.cpp.o
[ 68%] Building CXX object bgfx/cmake/bgfx/CMakeFiles/tint.dir/__/__/__/bgfx/3rdparty/dawn/src/tint/lang/core/type/u8.cc.o
[ 68%] Building CXX object bgfx/cmake/bgfx/CMakeFiles/spirv-opt.dir/__/__/__/bgfx/3rdparty/spirv-tools/source/reduce/remove_block_reduction_opportunity_finder.cpp.o
[ 68%] Building CXX object bgfx/cmake/bgfx/CMakeFiles/tint.dir/__/__/__/bgfx/3rdparty/dawn/src/tint/lang/core/type/unique_node.cc.o
[ 68%] Building CXX object bgfx/cmake/bgfx/CMakeFiles/tint.dir/__/__/__/bgfx/3rdparty/dawn/src/tint/lang/core/type/vector.cc.o
[ 68%] Building CXX object bgfx/cmake/bgfx/CMakeFiles/spirv-opt.dir/__/__/__/bgfx/3rdparty/spirv-tools/source/reduce/remove_function_reduction_opportunity.cpp.o
[ 68%] Building CXX object bgfx/cmake/bgfx/CMakeFiles/spirv-opt.dir/__/__/__/bgfx/3rdparty/spirv-tools/source/reduce/remove_function_reduction_opportunity_finder.cpp.o
[ 68%] Building CXX object bgfx/cmake/bgfx/CMakeFiles/tint.dir/__/__/__/bgfx/3rdparty/dawn/src/tint/lang/core/type/void.cc.o
[ 68%] Building CXX object bgfx/cmake/bgfx/CMakeFiles/spirv-opt.dir/__/__/__/bgfx/3rdparty/spirv-tools/source/reduce/remove_instruction_reduction_opportunity.cpp.o
[ 68%] Building CXX object bgfx/cmake/bgfx/CMakeFiles/spirv-opt.dir/__/__/__/bgfx/3rdparty/spirv-tools/source/reduce/remove_selection_reduction_opportunity.cpp.o
[ 68%] Building CXX object bgfx/cmake/bgfx/CMakeFiles/tint.dir/__/__/__/bgfx/3rdparty/dawn/src/tint/lang/core/unary_op.cc.o
[ 68%] Building CXX object bgfx/cmake/bgfx/CMakeFiles/tint.dir/__/__/__/bgfx/3rdparty/dawn/src/tint/lang/spirv/builtin_fn.cc.o
[ 68%] Building CXX object bgfx/cmake/bgfx/CMakeFiles/spirv-opt.dir/__/__/__/bgfx/3rdparty/spirv-tools/source/reduce/remove_selection_reduction_opportunity_finder.cpp.o
[ 68%] Building CXX object bgfx/cmake/bgfx/CMakeFiles/tint.dir/__/__/__/bgfx/3rdparty/dawn/src/tint/lang/spirv/intrinsic/data.cc.o
[ 68%] Building CXX object bgfx/cmake/bgfx/CMakeFiles/spirv-opt.dir/__/__/__/bgfx/3rdparty/spirv-tools/source/reduce/remove_struct_member_reduction_opportunity.cpp.o
[ 68%] Building CXX object bgfx/cmake/bgfx/CMakeFiles/spirv-opt.dir/__/__/__/bgfx/3rdparty/spirv-tools/source/reduce/remove_unused_instruction_reduction_opportunity_finder.cpp.o
[ 68%] Building CXX object bgfx/cmake/bgfx/CMakeFiles/tint.dir/__/__/__/bgfx/3rdparty/dawn/src/tint/lang/spirv/ir/binary.cc.o
[ 68%] Building CXX object bgfx/cmake/bgfx/CMakeFiles/tint.dir/__/__/__/bgfx/3rdparty/dawn/src/tint/lang/spirv/ir/builtin_call.cc.o
[ 70%] Building CXX object bgfx/cmake/bgfx/CMakeFiles/spirv-opt.dir/__/__/__/bgfx/3rdparty/spirv-tools/source/reduce/remove_unused_struct_member_reduction_opportunity_finder.cpp.o
[ 70%] Building CXX object bgfx/cmake/bgfx/CMakeFiles/tint.dir/__/__/__/bgfx/3rdparty/dawn/src/tint/lang/spirv/ir/copy_logical.cc.o
[ 70%] Building CXX object bgfx/cmake/bgfx/CMakeFiles/tint.dir/__/__/__/bgfx/3rdparty/dawn/src/tint/lang/spirv/reader/common/common.cc.o
[ 71%] Building CXX object bgfx/cmake/bgfx/CMakeFiles/tint.dir/__/__/__/bgfx/3rdparty/dawn/src/tint/lang/spirv/reader/lower/atomics.cc.o
[ 71%] Building CXX object bgfx/cmake/bgfx/CMakeFiles/tint.dir/__/__/__/bgfx/3rdparty/dawn/src/tint/lang/spirv/reader/lower/builtins.cc.o
[ 71%] Building CXX object bgfx/cmake/bgfx/CMakeFiles/tint.dir/__/__/__/bgfx/3rdparty/dawn/src/tint/lang/spirv/reader/lower/decompose_strided_array.cc.o
[ 71%] Building CXX object bgfx/cmake/bgfx/CMakeFiles/spirv-opt.dir/__/__/__/bgfx/3rdparty/spirv-tools/source/reduce/simple_conditional_branch_to_branch_opportunity_finder.cpp.o
[ 71%] Building CXX object bgfx/cmake/bgfx/CMakeFiles/tint.dir/__/__/__/bgfx/3rdparty/dawn/src/tint/lang/spirv/reader/lower/decompose_strided_matrix.cc.o
[ 71%] Building CXX object bgfx/cmake/bgfx/CMakeFiles/tint.dir/__/__/__/bgfx/3rdparty/dawn/src/tint/lang/spirv/reader/lower/lower.cc.o
[ 71%] Building CXX object bgfx/cmake/bgfx/CMakeFiles/tint.dir/__/__/__/bgfx/3rdparty/dawn/src/tint/lang/spirv/reader/lower/shader_io.cc.o
[ 71%] Building CXX object bgfx/cmake/bgfx/CMakeFiles/spirv-opt.dir/__/__/__/bgfx/3rdparty/spirv-tools/source/reduce/simple_conditional_branch_to_branch_reduction_opportunity.cpp.o
[ 71%] Building CXX object bgfx/cmake/bgfx/CMakeFiles/tint.dir/__/__/__/bgfx/3rdparty/dawn/src/tint/lang/spirv/reader/lower/texture.cc.o
[ 71%] Building CXX object bgfx/cmake/bgfx/CMakeFiles/tint.dir/__/__/__/bgfx/3rdparty/dawn/src/tint/lang/spirv/reader/lower/transpose_row_major.cc.o
[ 71%] Building CXX object bgfx/cmake/bgfx/CMakeFiles/spirv-opt.dir/__/__/__/bgfx/3rdparty/spirv-tools/source/reduce/structured_construct_to_block_reduction_opportunity.cpp.o
[ 71%] Building CXX object bgfx/cmake/bgfx/CMakeFiles/tint.dir/__/__/__/bgfx/3rdparty/dawn/src/tint/lang/spirv/reader/lower/vector_element_pointer.cc.o
[ 71%] Building CXX object bgfx/cmake/bgfx/CMakeFiles/tint.dir/__/__/__/bgfx/3rdparty/dawn/src/tint/lang/spirv/reader/parser/parser.cc.o
[ 71%] Building CXX object bgfx/cmake/bgfx/CMakeFiles/tint.dir/__/__/__/bgfx/3rdparty/dawn/src/tint/lang/spirv/reader/reader.cc.o
[ 71%] Building CXX object bgfx/cmake/bgfx/CMakeFiles/tint.dir/__/__/__/bgfx/3rdparty/dawn/src/tint/lang/spirv/type/explicit_layout_array.cc.o
/Users/worldbuilder/Desktop/Booter & BigARM/Engine/.cache/probe-sources/bgfx/3rdparty/dawn/src/tint/lang/spirv/reader/parser/parser.cc:50:1: warning: unknown warning group '-Wlifetime-safety-invalidation', ignored [-Wunknown-warning-option]
   50 | TINT_BEGIN_DISABLE_WARNING(LIFETIME_SAFETY_INVALIDATION);
      | ^
/Users/worldbuilder/Desktop/Booter & BigARM/Engine/.cache/probe-sources/bgfx/3rdparty/dawn/src/tint/utils/macros/compiler.h:177:5: note: expanded from macro 'TINT_BEGIN_DISABLE_WARNING'
  177 |     TINT_CONCAT(TINT_DISABLE_WARNING_, name) \
      |     ^
/Users/worldbuilder/Desktop/Booter & BigARM/Engine/.cache/probe-sources/bgfx/3rdparty/dawn/src/tint/utils/macros/concat.h:33:27: note: expanded from macro 'TINT_CONCAT'
   33 | #define TINT_CONCAT(a, b) TINT_CONCAT_2(a, b)
      |                           ^
/Users/worldbuilder/Desktop/Booter & BigARM/Engine/.cache/probe-sources/bgfx/3rdparty/dawn/src/tint/utils/macros/concat.h:32:29: note: expanded from macro 'TINT_CONCAT_2'
   32 | #define TINT_CONCAT_2(a, b) a##b
      |                             ^
<scratch space>:140:1: note: expanded from here
  140 | TINT_DISABLE_WARNING_LIFETIME_SAFETY_INVALIDATION
      | ^
/Users/worldbuilder/Desktop/Booter & BigARM/Engine/.cache/probe-sources/bgfx/3rdparty/dawn/src/tint/utils/macros/compiler.h:113:5: note: expanded from macro 'TINT_DISABLE_WARNING_LIFETIME_SAFETY_INVALIDATION'
  113 |     _Pragma("clang diagnostic ignored \"-Wlifetime-safety-invalidation\"")
      |     ^
<scratch space>:141:27: note: expanded from here
  141 |  clang diagnostic ignored "-Wlifetime-safety-invalidation"
      |                           ^
[ 71%] Building CXX object bgfx/cmake/bgfx/CMakeFiles/spirv-opt.dir/__/__/__/bgfx/3rdparty/spirv-tools/source/reduce/structured_construct_to_block_reduction_opportunity_finder.cpp.o
[ 72%] Building CXX object bgfx/cmake/bgfx/CMakeFiles/tint.dir/__/__/__/bgfx/3rdparty/dawn/src/tint/lang/spirv/type/image.cc.o
[ 72%] Building CXX object bgfx/cmake/bgfx/CMakeFiles/spirv-opt.dir/__/__/__/bgfx/3rdparty/spirv-tools/source/reduce/structured_loop_to_selection_reduction_opportunity.cpp.o
[ 72%] Building CXX object bgfx/cmake/bgfx/CMakeFiles/spirv-opt.dir/__/__/__/bgfx/3rdparty/spirv-tools/source/reduce/structured_loop_to_selection_reduction_opportunity_finder.cpp.o
[ 72%] Building CXX object bgfx/cmake/bgfx/CMakeFiles/spirv-opt.dir/__/__/__/bgfx/3rdparty/spirv-tools/source/software_version.cpp.o
[ 72%] Building CXX object bgfx/cmake/bgfx/CMakeFiles/tint.dir/__/__/__/bgfx/3rdparty/dawn/src/tint/lang/spirv/type/literal.cc.o
[ 72%] Building CXX object bgfx/cmake/bgfx/CMakeFiles/spirv-opt.dir/__/__/__/bgfx/3rdparty/spirv-tools/source/spirv_endian.cpp.o
[ 72%] Building CXX object bgfx/cmake/bgfx/CMakeFiles/spirv-opt.dir/__/__/__/bgfx/3rdparty/spirv-tools/source/spirv_optimizer_options.cpp.o
[ 72%] Building CXX object bgfx/cmake/bgfx/CMakeFiles/tint.dir/__/__/__/bgfx/3rdparty/dawn/src/tint/lang/spirv/type/sampled_image.cc.o
[ 72%] Building CXX object bgfx/cmake/bgfx/CMakeFiles/spirv-opt.dir/__/__/__/bgfx/3rdparty/spirv-tools/source/spirv_reducer_options.cpp.o
[ 72%] Building CXX object bgfx/cmake/bgfx/CMakeFiles/spirv-opt.dir/__/__/__/bgfx/3rdparty/spirv-tools/source/spirv_target_env.cpp.o
[ 72%] Building CXX object bgfx/cmake/bgfx/CMakeFiles/tint.dir/__/__/__/bgfx/3rdparty/dawn/src/tint/lang/spirv/validate/validate.cc.o
[ 72%] Building CXX object bgfx/cmake/bgfx/CMakeFiles/tint.dir/__/__/__/bgfx/3rdparty/dawn/src/tint/lang/spirv/writer/analysis/relaxed_precision_decorations.cc.o
[ 73%] Building CXX object bgfx/cmake/bgfx/CMakeFiles/spirv-opt.dir/__/__/__/bgfx/3rdparty/spirv-tools/source/spirv_validator_options.cpp.o
[ 73%] Building CXX object bgfx/cmake/bgfx/CMakeFiles/spirv-opt.dir/__/__/__/bgfx/3rdparty/spirv-tools/source/table.cpp.o
[ 73%] Building CXX object bgfx/cmake/bgfx/CMakeFiles/tint.dir/__/__/__/bgfx/3rdparty/dawn/src/tint/lang/spirv/writer/common/binary_writer.cc.o
[ 73%] Building CXX object bgfx/cmake/bgfx/CMakeFiles/spirv-opt.dir/__/__/__/bgfx/3rdparty/spirv-tools/source/table2.cpp.o
[ 73%] Building CXX object bgfx/cmake/bgfx/CMakeFiles/tint.dir/__/__/__/bgfx/3rdparty/dawn/src/tint/lang/spirv/writer/common/function.cc.o
[ 73%] Building CXX object bgfx/cmake/bgfx/CMakeFiles/spirv-opt.dir/__/__/__/bgfx/3rdparty/spirv-tools/source/text.cpp.o
1 warning generated.
[ 73%] Building CXX object bgfx/cmake/bgfx/CMakeFiles/tint.dir/__/__/__/bgfx/3rdparty/dawn/src/tint/lang/spirv/writer/common/instruction.cc.o
[ 73%] Building CXX object bgfx/cmake/bgfx/CMakeFiles/spirv-opt.dir/__/__/__/bgfx/3rdparty/spirv-tools/source/text_handler.cpp.o
[ 73%] Building CXX object bgfx/cmake/bgfx/CMakeFiles/tint.dir/__/__/__/bgfx/3rdparty/dawn/src/tint/lang/spirv/writer/common/module.cc.o
[ 73%] Building CXX object bgfx/cmake/bgfx/CMakeFiles/tint.dir/__/__/__/bgfx/3rdparty/dawn/src/tint/lang/spirv/writer/common/operand.cc.o
[ 73%] Building CXX object bgfx/cmake/bgfx/CMakeFiles/spirv-opt.dir/__/__/__/bgfx/3rdparty/spirv-tools/source/to_string.cpp.o
[ 73%] Building CXX object bgfx/cmake/bgfx/CMakeFiles/spirv-opt.dir/__/__/__/bgfx/3rdparty/spirv-tools/source/util/bit_vector.cpp.o
[ 73%] Building CXX object bgfx/cmake/bgfx/CMakeFiles/spirv-opt.dir/__/__/__/bgfx/3rdparty/spirv-tools/source/util/parse_number.cpp.o
[ 73%] Building CXX object bgfx/cmake/bgfx/CMakeFiles/tint.dir/__/__/__/bgfx/3rdparty/dawn/src/tint/lang/spirv/writer/common/option_helper.cc.o
[ 73%] Building CXX object bgfx/cmake/bgfx/CMakeFiles/spirv-opt.dir/__/__/__/bgfx/3rdparty/spirv-tools/source/util/string_utils.cpp.o
[ 73%] Building CXX object bgfx/cmake/bgfx/CMakeFiles/spirv-opt.dir/__/__/__/bgfx/3rdparty/spirv-tools/source/val/basic_block.cpp.o
[ 73%] Building CXX object bgfx/cmake/bgfx/CMakeFiles/spirv-opt.dir/__/__/__/bgfx/3rdparty/spirv-tools/source/val/construct.cpp.o
[ 74%] Building CXX object bgfx/cmake/bgfx/CMakeFiles/spirv-opt.dir/__/__/__/bgfx/3rdparty/spirv-tools/source/val/function.cpp.o
[ 74%] Building CXX object bgfx/cmake/bgfx/CMakeFiles/spirv-opt.dir/__/__/__/bgfx/3rdparty/spirv-tools/source/val/instruction.cpp.o
[ 75%] Building CXX object bgfx/cmake/bgfx/CMakeFiles/tint.dir/__/__/__/bgfx/3rdparty/dawn/src/tint/lang/spirv/writer/common/output.cc.o
[ 75%] Building CXX object bgfx/cmake/bgfx/CMakeFiles/spirv-opt.dir/__/__/__/bgfx/3rdparty/spirv-tools/source/val/validate.cpp.o
[ 75%] Building CXX object bgfx/cmake/bgfx/CMakeFiles/tint.dir/__/__/__/bgfx/3rdparty/dawn/src/tint/lang/spirv/writer/printer/printer.cc.o
[ 75%] Building CXX object bgfx/cmake/bgfx/CMakeFiles/spirv-opt.dir/__/__/__/bgfx/3rdparty/spirv-tools/source/val/validate_adjacency.cpp.o
[ 75%] Building CXX object bgfx/cmake/bgfx/CMakeFiles/spirv-opt.dir/__/__/__/bgfx/3rdparty/spirv-tools/source/val/validate_annotation.cpp.o
[ 75%] Building CXX object bgfx/cmake/bgfx/CMakeFiles/spirv-opt.dir/__/__/__/bgfx/3rdparty/spirv-tools/source/val/validate_arithmetics.cpp.o
[ 75%] Building CXX object bgfx/cmake/bgfx/CMakeFiles/spirv-opt.dir/__/__/__/bgfx/3rdparty/spirv-tools/source/val/validate_atomics.cpp.o
[ 75%] Building CXX object bgfx/cmake/bgfx/CMakeFiles/tint.dir/__/__/__/bgfx/3rdparty/dawn/src/tint/lang/spirv/writer/raise/builtin_polyfill.cc.o
[ 75%] Building CXX object bgfx/cmake/bgfx/CMakeFiles/spirv-opt.dir/__/__/__/bgfx/3rdparty/spirv-tools/source/val/validate_barriers.cpp.o
[ 75%] Building CXX object bgfx/cmake/bgfx/CMakeFiles/spirv-opt.dir/__/__/__/bgfx/3rdparty/spirv-tools/source/val/validate_bitwise.cpp.o
[ 75%] Building CXX object bgfx/cmake/bgfx/CMakeFiles/tint.dir/__/__/__/bgfx/3rdparty/dawn/src/tint/lang/spirv/writer/raise/case_switch_to_if_else.cc.o
[ 75%] Building CXX object bgfx/cmake/bgfx/CMakeFiles/spirv-opt.dir/__/__/__/bgfx/3rdparty/spirv-tools/source/val/validate_builtins.cpp.o
[ 75%] Building CXX object bgfx/cmake/bgfx/CMakeFiles/tint.dir/__/__/__/bgfx/3rdparty/dawn/src/tint/lang/spirv/writer/raise/expand_implicit_splats.cc.o
[ 75%] Building CXX object bgfx/cmake/bgfx/CMakeFiles/tint.dir/__/__/__/bgfx/3rdparty/dawn/src/tint/lang/spirv/writer/raise/fork_explicit_layout_types.cc.o
[ 75%] Building CXX object bgfx/cmake/bgfx/CMakeFiles/spirv-opt.dir/__/__/__/bgfx/3rdparty/spirv-tools/source/val/validate_capability.cpp.o
[ 76%] Building CXX object bgfx/cmake/bgfx/CMakeFiles/spirv-opt.dir/__/__/__/bgfx/3rdparty/spirv-tools/source/val/validate_cfg.cpp.o
[ 76%] Building CXX object bgfx/cmake/bgfx/CMakeFiles/spirv-opt.dir/__/__/__/bgfx/3rdparty/spirv-tools/source/val/validate_composites.cpp.o
[ 76%] Building CXX object bgfx/cmake/bgfx/CMakeFiles/tint.dir/__/__/__/bgfx/3rdparty/dawn/src/tint/lang/spirv/writer/raise/handle_matrix_arithmetic.cc.o
[ 76%] Building CXX object bgfx/cmake/bgfx/CMakeFiles/spirv-opt.dir/__/__/__/bgfx/3rdparty/spirv-tools/source/val/validate_constants.cpp.o
[ 76%] Building CXX object bgfx/cmake/bgfx/CMakeFiles/tint.dir/__/__/__/bgfx/3rdparty/dawn/src/tint/lang/spirv/writer/raise/keep_binding_array_as_pointer.cc.o
[ 76%] Building CXX object bgfx/cmake/bgfx/CMakeFiles/spirv-opt.dir/__/__/__/bgfx/3rdparty/spirv-tools/source/val/validate_conversion.cpp.o
[ 76%] Building CXX object bgfx/cmake/bgfx/CMakeFiles/tint.dir/__/__/__/bgfx/3rdparty/dawn/src/tint/lang/spirv/writer/raise/merge_return.cc.o
[ 76%] Building CXX object bgfx/cmake/bgfx/CMakeFiles/spirv-opt.dir/__/__/__/bgfx/3rdparty/spirv-tools/source/val/validate_debug.cpp.o
[ 76%] Building CXX object bgfx/cmake/bgfx/CMakeFiles/spirv-opt.dir/__/__/__/bgfx/3rdparty/spirv-tools/source/val/validate_decorations.cpp.o
[ 76%] Building CXX object bgfx/cmake/bgfx/CMakeFiles/spirv-opt.dir/__/__/__/bgfx/3rdparty/spirv-tools/source/val/validate_derivatives.cpp.o
[ 76%] Building CXX object bgfx/cmake/bgfx/CMakeFiles/tint.dir/__/__/__/bgfx/3rdparty/dawn/src/tint/lang/spirv/writer/raise/pass_matrix_by_pointer.cc.o
[ 76%] Building CXX object bgfx/cmake/bgfx/CMakeFiles/tint.dir/__/__/__/bgfx/3rdparty/dawn/src/tint/lang/spirv/writer/raise/raise.cc.o
[ 76%] Building CXX object bgfx/cmake/bgfx/CMakeFiles/spirv-opt.dir/__/__/__/bgfx/3rdparty/spirv-tools/source/val/validate_dot_product.cpp.o
[ 76%] Building CXX object bgfx/cmake/bgfx/CMakeFiles/spirv-opt.dir/__/__/__/bgfx/3rdparty/spirv-tools/source/val/validate_execution_limitations.cpp.o
[ 77%] Building CXX object bgfx/cmake/bgfx/CMakeFiles/tint.dir/__/__/__/bgfx/3rdparty/dawn/src/tint/lang/spirv/writer/raise/remove_unreachable_in_loop_continuing.cc.o
[ 77%] Building CXX object bgfx/cmake/bgfx/CMakeFiles/tint.dir/__/__/__/bgfx/3rdparty/dawn/src/tint/lang/spirv/writer/raise/resource_table_helper.cc.o
[ 77%] Building CXX object bgfx/cmake/bgfx/CMakeFiles/tint.dir/__/__/__/bgfx/3rdparty/dawn/src/tint/lang/spirv/writer/raise/shader_io.cc.o
[ 77%] Building CXX object bgfx/cmake/bgfx/CMakeFiles/spirv-opt.dir/__/__/__/bgfx/3rdparty/spirv-tools/source/val/validate_explicit_layout.cpp.o
[ 77%] Building CXX object bgfx/cmake/bgfx/CMakeFiles/tint.dir/__/__/__/bgfx/3rdparty/dawn/src/tint/lang/spirv/writer/raise/unary_polyfill.cc.o
[ 77%] Building CXX object bgfx/cmake/bgfx/CMakeFiles/tint.dir/__/__/__/bgfx/3rdparty/dawn/src/tint/lang/spirv/writer/raise/var_for_dynamic_index.cc.o
[ 77%] Building CXX object bgfx/cmake/bgfx/CMakeFiles/spirv-opt.dir/__/__/__/bgfx/3rdparty/spirv-tools/source/val/validate_extensions.cpp.o
[ 77%] Building CXX object bgfx/cmake/bgfx/CMakeFiles/tint.dir/__/__/__/bgfx/3rdparty/dawn/src/tint/lang/spirv/writer/writer.cc.o
[ 77%] Building CXX object bgfx/cmake/bgfx/CMakeFiles/tint.dir/__/__/__/bgfx/3rdparty/dawn/src/tint/lang/wgsl/ast/accessor_expression.cc.o
[ 77%] Building CXX object bgfx/cmake/bgfx/CMakeFiles/spirv-opt.dir/__/__/__/bgfx/3rdparty/spirv-tools/source/val/validate_function.cpp.o
[ 78%] Building CXX object bgfx/cmake/bgfx/CMakeFiles/spirv-opt.dir/__/__/__/bgfx/3rdparty/spirv-tools/source/val/validate_graph.cpp.o
[ 78%] Building CXX object bgfx/cmake/bgfx/CMakeFiles/spirv-opt.dir/__/__/__/bgfx/3rdparty/spirv-tools/source/val/validate_group.cpp.o
[ 78%] Building CXX object bgfx/cmake/bgfx/CMakeFiles/tint.dir/__/__/__/bgfx/3rdparty/dawn/src/tint/lang/wgsl/ast/alias.cc.o
[ 78%] Building CXX object bgfx/cmake/bgfx/CMakeFiles/tint.dir/__/__/__/bgfx/3rdparty/dawn/src/tint/lang/wgsl/ast/assignment_statement.cc.o
[ 78%] Building CXX object bgfx/cmake/bgfx/CMakeFiles/spirv-opt.dir/__/__/__/bgfx/3rdparty/spirv-tools/source/val/validate_id.cpp.o
[ 78%] Building CXX object bgfx/cmake/bgfx/CMakeFiles/spirv-opt.dir/__/__/__/bgfx/3rdparty/spirv-tools/source/val/validate_image.cpp.o
[ 78%] Building CXX object bgfx/cmake/bgfx/CMakeFiles/spirv-opt.dir/__/__/__/bgfx/3rdparty/spirv-tools/source/val/validate_instruction.cpp.o
[ 78%] Building CXX object bgfx/cmake/bgfx/CMakeFiles/tint.dir/__/__/__/bgfx/3rdparty/dawn/src/tint/lang/wgsl/ast/attribute.cc.o
[ 78%] Building CXX object bgfx/cmake/bgfx/CMakeFiles/tint.dir/__/__/__/bgfx/3rdparty/dawn/src/tint/lang/wgsl/ast/binary_expression.cc.o
[ 78%] Building CXX object bgfx/cmake/bgfx/CMakeFiles/tint.dir/__/__/__/bgfx/3rdparty/dawn/src/tint/lang/wgsl/ast/binding_attribute.cc.o
[ 80%] Building CXX object bgfx/cmake/bgfx/CMakeFiles/tint.dir/__/__/__/bgfx/3rdparty/dawn/src/tint/lang/wgsl/ast/blend_src_attribute.cc.o
[ 80%] Building CXX object bgfx/cmake/bgfx/CMakeFiles/spirv-opt.dir/__/__/__/bgfx/3rdparty/spirv-tools/source/val/validate_interfaces.cpp.o
[ 80%] Building CXX object bgfx/cmake/bgfx/CMakeFiles/tint.dir/__/__/__/bgfx/3rdparty/dawn/src/tint/lang/wgsl/ast/block_statement.cc.o
[ 80%] Building CXX object bgfx/cmake/bgfx/CMakeFiles/tint.dir/__/__/__/bgfx/3rdparty/dawn/src/tint/lang/wgsl/ast/bool_literal_expression.cc.o
[ 80%] Building CXX object bgfx/cmake/bgfx/CMakeFiles/spirv-opt.dir/__/__/__/bgfx/3rdparty/spirv-tools/source/val/validate_invalid_type.cpp.o
[ 80%] Building CXX object bgfx/cmake/bgfx/CMakeFiles/tint.dir/__/__/__/bgfx/3rdparty/dawn/src/tint/lang/wgsl/ast/break_if_statement.cc.o
[ 80%] Building CXX object bgfx/cmake/bgfx/CMakeFiles/spirv-opt.dir/__/__/__/bgfx/3rdparty/spirv-tools/source/val/validate_layout.cpp.o
[ 80%] Building CXX object bgfx/cmake/bgfx/CMakeFiles/tint.dir/__/__/__/bgfx/3rdparty/dawn/src/tint/lang/wgsl/ast/break_statement.cc.o
[ 80%] Building CXX object bgfx/cmake/bgfx/CMakeFiles/tint.dir/__/__/__/bgfx/3rdparty/dawn/src/tint/lang/wgsl/ast/builder.cc.o
[ 80%] Building CXX object bgfx/cmake/bgfx/CMakeFiles/tint.dir/__/__/__/bgfx/3rdparty/dawn/src/tint/lang/wgsl/ast/builtin_attribute.cc.o
[ 80%] Building CXX object bgfx/cmake/bgfx/CMakeFiles/spirv-opt.dir/__/__/__/bgfx/3rdparty/spirv-tools/source/val/validate_literals.cpp.o
[ 80%] Building CXX object bgfx/cmake/bgfx/CMakeFiles/spirv-opt.dir/__/__/__/bgfx/3rdparty/spirv-tools/source/val/validate_logical_pointers.cpp.o
[ 80%] Building CXX object bgfx/cmake/bgfx/CMakeFiles/tint.dir/__/__/__/bgfx/3rdparty/dawn/src/tint/lang/wgsl/ast/call_expression.cc.o
[ 80%] Building CXX object bgfx/cmake/bgfx/CMakeFiles/tint.dir/__/__/__/bgfx/3rdparty/dawn/src/tint/lang/wgsl/ast/call_statement.cc.o
[ 80%] Building CXX object bgfx/cmake/bgfx/CMakeFiles/spirv-opt.dir/__/__/__/bgfx/3rdparty/spirv-tools/source/val/validate_logicals.cpp.o
[ 80%] Building CXX object bgfx/cmake/bgfx/CMakeFiles/tint.dir/__/__/__/bgfx/3rdparty/dawn/src/tint/lang/wgsl/ast/case_selector.cc.o
[ 81%] Building CXX object bgfx/cmake/bgfx/CMakeFiles/spirv-opt.dir/__/__/__/bgfx/3rdparty/spirv-tools/source/val/validate_memory.cpp.o
[ 81%] Building CXX object bgfx/cmake/bgfx/CMakeFiles/tint.dir/__/__/__/bgfx/3rdparty/dawn/src/tint/lang/wgsl/ast/case_statement.cc.o
[ 81%] Building CXX object bgfx/cmake/bgfx/CMakeFiles/spirv-opt.dir/__/__/__/bgfx/3rdparty/spirv-tools/source/val/validate_memory_semantics.cpp.o
[ 82%] Building CXX object bgfx/cmake/bgfx/CMakeFiles/tint.dir/__/__/__/bgfx/3rdparty/dawn/src/tint/lang/wgsl/ast/color_attribute.cc.o
[ 82%] Building CXX object bgfx/cmake/bgfx/CMakeFiles/tint.dir/__/__/__/bgfx/3rdparty/dawn/src/tint/lang/wgsl/ast/compound_assignment_statement.cc.o
[ 82%] Building CXX object bgfx/cmake/bgfx/CMakeFiles/spirv-opt.dir/__/__/__/bgfx/3rdparty/spirv-tools/source/val/validate_mesh_shading.cpp.o
[ 82%] Building CXX object bgfx/cmake/bgfx/CMakeFiles/tint.dir/__/__/__/bgfx/3rdparty/dawn/src/tint/lang/wgsl/ast/const.cc.o
[ 82%] Building CXX object bgfx/cmake/bgfx/CMakeFiles/spirv-opt.dir/__/__/__/bgfx/3rdparty/spirv-tools/source/val/validate_misc.cpp.o
[ 82%] Building CXX object bgfx/cmake/bgfx/CMakeFiles/tint.dir/__/__/__/bgfx/3rdparty/dawn/src/tint/lang/wgsl/ast/const_assert.cc.o
[ 82%] Building CXX object bgfx/cmake/bgfx/CMakeFiles/spirv-opt.dir/__/__/__/bgfx/3rdparty/spirv-tools/source/val/validate_mode_setting.cpp.o
[ 82%] Building CXX object bgfx/cmake/bgfx/CMakeFiles/tint.dir/__/__/__/bgfx/3rdparty/dawn/src/tint/lang/wgsl/ast/continue_statement.cc.o
[ 82%] Building CXX object bgfx/cmake/bgfx/CMakeFiles/spirv-opt.dir/__/__/__/bgfx/3rdparty/spirv-tools/source/val/validate_non_uniform.cpp.o
[ 82%] Building CXX object bgfx/cmake/bgfx/CMakeFiles/spirv-opt.dir/__/__/__/bgfx/3rdparty/spirv-tools/source/val/validate_pipe.cpp.o
[ 82%] Building CXX object bgfx/cmake/bgfx/CMakeFiles/tint.dir/__/__/__/bgfx/3rdparty/dawn/src/tint/lang/wgsl/ast/diagnostic_attribute.cc.o
[ 82%] Building CXX object bgfx/cmake/bgfx/CMakeFiles/spirv-opt.dir/__/__/__/bgfx/3rdparty/spirv-tools/source/val/validate_primitives.cpp.o
[ 82%] Building CXX object bgfx/cmake/bgfx/CMakeFiles/spirv-opt.dir/__/__/__/bgfx/3rdparty/spirv-tools/source/val/validate_ray_query.cpp.o
[ 82%] Building CXX object bgfx/cmake/bgfx/CMakeFiles/spirv-opt.dir/__/__/__/bgfx/3rdparty/spirv-tools/source/val/validate_ray_tracing.cpp.o
[ 82%] Building CXX object bgfx/cmake/bgfx/CMakeFiles/tint.dir/__/__/__/bgfx/3rdparty/dawn/src/tint/lang/wgsl/ast/diagnostic_control.cc.o
[ 82%] Building CXX object bgfx/cmake/bgfx/CMakeFiles/spirv-opt.dir/__/__/__/bgfx/3rdparty/spirv-tools/source/val/validate_ray_tracing_reorder.cpp.o
[ 82%] Building CXX object bgfx/cmake/bgfx/CMakeFiles/tint.dir/__/__/__/bgfx/3rdparty/dawn/src/tint/lang/wgsl/ast/diagnostic_directive.cc.o
[ 82%] Building CXX object bgfx/cmake/bgfx/CMakeFiles/spirv-opt.dir/__/__/__/bgfx/3rdparty/spirv-tools/source/val/validate_scopes.cpp.o
[ 82%] Building CXX object bgfx/cmake/bgfx/CMakeFiles/tint.dir/__/__/__/bgfx/3rdparty/dawn/src/tint/lang/wgsl/ast/diagnostic_rule_name.cc.o
[ 83%] Building CXX object bgfx/cmake/bgfx/CMakeFiles/spirv-opt.dir/__/__/__/bgfx/3rdparty/spirv-tools/source/val/validate_small_type_uses.cpp.o
[ 83%] Building CXX object bgfx/cmake/bgfx/CMakeFiles/spirv-opt.dir/__/__/__/bgfx/3rdparty/spirv-tools/source/val/validate_tensor.cpp.o
[ 83%] Building CXX object bgfx/cmake/bgfx/CMakeFiles/spirv-opt.dir/__/__/__/bgfx/3rdparty/spirv-tools/source/val/validate_tensor_layout.cpp.o
[ 83%] Building CXX object bgfx/cmake/bgfx/CMakeFiles/tint.dir/__/__/__/bgfx/3rdparty/dawn/src/tint/lang/wgsl/ast/discard_statement.cc.o
[ 83%] Building CXX object bgfx/cmake/bgfx/CMakeFiles/spirv-opt.dir/__/__/__/bgfx/3rdparty/spirv-tools/source/val/validate_type.cpp.o
[ 83%] Building CXX object bgfx/cmake/bgfx/CMakeFiles/tint.dir/__/__/__/bgfx/3rdparty/dawn/src/tint/lang/wgsl/ast/enable.cc.o
[ 83%] Building CXX object bgfx/cmake/bgfx/CMakeFiles/tint.dir/__/__/__/bgfx/3rdparty/dawn/src/tint/lang/wgsl/ast/expression.cc.o
[ 84%] Building CXX object bgfx/cmake/bgfx/CMakeFiles/tint.dir/__/__/__/bgfx/3rdparty/dawn/src/tint/lang/wgsl/ast/extension.cc.o
[ 84%] Building CXX object bgfx/cmake/bgfx/CMakeFiles/tint.dir/__/__/__/bgfx/3rdparty/dawn/src/tint/lang/wgsl/ast/float_literal_expression.cc.o
[ 84%] Building CXX object bgfx/cmake/bgfx/CMakeFiles/spirv-opt.dir/__/__/__/bgfx/3rdparty/spirv-tools/source/val/validation_state.cpp.o
[ 84%] Building CXX object bgfx/cmake/bgfx/CMakeFiles/tint.dir/__/__/__/bgfx/3rdparty/dawn/src/tint/lang/wgsl/ast/for_loop_statement.cc.o
[ 84%] Building CXX object bgfx/cmake/bgfx/CMakeFiles/tint.dir/__/__/__/bgfx/3rdparty/dawn/src/tint/lang/wgsl/ast/function.cc.o
[ 84%] Building CXX object bgfx/cmake/bgfx/CMakeFiles/tint.dir/__/__/__/bgfx/3rdparty/dawn/src/tint/lang/wgsl/ast/group_attribute.cc.o
[ 84%] Building CXX object bgfx/cmake/bgfx/CMakeFiles/tint.dir/__/__/__/bgfx/3rdparty/dawn/src/tint/lang/wgsl/ast/id_attribute.cc.o
[ 84%] Building CXX object bgfx/cmake/bgfx/CMakeFiles/tint.dir/__/__/__/bgfx/3rdparty/dawn/src/tint/lang/wgsl/ast/identifier.cc.o
[ 84%] Building CXX object bgfx/cmake/bgfx/CMakeFiles/tint.dir/__/__/__/bgfx/3rdparty/dawn/src/tint/lang/wgsl/ast/identifier_expression.cc.o
[ 84%] Building CXX object bgfx/cmake/bgfx/CMakeFiles/tint.dir/__/__/__/bgfx/3rdparty/dawn/src/tint/lang/wgsl/ast/if_statement.cc.o
[ 84%] Building CXX object bgfx/cmake/bgfx/CMakeFiles/tint.dir/__/__/__/bgfx/3rdparty/dawn/src/tint/lang/wgsl/ast/increment_decrement_statement.cc.o
[ 84%] Building CXX object bgfx/cmake/bgfx/CMakeFiles/tint.dir/__/__/__/bgfx/3rdparty/dawn/src/tint/lang/wgsl/ast/index_accessor_expression.cc.o
[ 84%] Linking CXX static library libspirv-opt.a
[ 85%] Building CXX object bgfx/cmake/bgfx/CMakeFiles/tint.dir/__/__/__/bgfx/3rdparty/dawn/src/tint/lang/wgsl/ast/input_attachment_index_attribute.cc.o
[ 85%] Building CXX object bgfx/cmake/bgfx/CMakeFiles/tint.dir/__/__/__/bgfx/3rdparty/dawn/src/tint/lang/wgsl/ast/int_literal_expression.cc.o
[ 85%] Built target spirv-opt
[ 85%] Building CXX object bgfx/cmake/bgfx/CMakeFiles/tint.dir/__/__/__/bgfx/3rdparty/dawn/src/tint/lang/wgsl/ast/interpolate_attribute.cc.o
[ 85%] Building CXX object bgfx/cmake/bgfx/CMakeFiles/tint.dir/__/__/__/bgfx/3rdparty/dawn/src/tint/lang/wgsl/ast/invariant_attribute.cc.o
[ 85%] Building CXX object bgfx/cmake/bgfx/CMakeFiles/tint.dir/__/__/__/bgfx/3rdparty/dawn/src/tint/lang/wgsl/ast/let.cc.o
[ 85%] Building CXX object bgfx/cmake/bgfx/CMakeFiles/tint.dir/__/__/__/bgfx/3rdparty/dawn/src/tint/lang/wgsl/ast/literal_expression.cc.o
[ 85%] Building CXX object bgfx/cmake/bgfx/CMakeFiles/tint.dir/__/__/__/bgfx/3rdparty/dawn/src/tint/lang/wgsl/ast/location_attribute.cc.o
[ 85%] Building CXX object bgfx/cmake/bgfx/CMakeFiles/tint.dir/__/__/__/bgfx/3rdparty/dawn/src/tint/lang/wgsl/ast/loop_statement.cc.o
[ 85%] Building CXX object bgfx/cmake/bgfx/CMakeFiles/tint.dir/__/__/__/bgfx/3rdparty/dawn/src/tint/lang/wgsl/ast/member_accessor_expression.cc.o
[ 85%] Building CXX object bgfx/cmake/bgfx/CMakeFiles/tint.dir/__/__/__/bgfx/3rdparty/dawn/src/tint/lang/wgsl/ast/module.cc.o
[ 85%] Building CXX object bgfx/cmake/bgfx/CMakeFiles/tint.dir/__/__/__/bgfx/3rdparty/dawn/src/tint/lang/wgsl/ast/must_use_attribute.cc.o
[ 86%] Building CXX object bgfx/cmake/bgfx/CMakeFiles/tint.dir/__/__/__/bgfx/3rdparty/dawn/src/tint/lang/wgsl/ast/node.cc.o
[ 86%] Building CXX object bgfx/cmake/bgfx/CMakeFiles/tint.dir/__/__/__/bgfx/3rdparty/dawn/src/tint/lang/wgsl/ast/override.cc.o
[ 86%] Building CXX object bgfx/cmake/bgfx/CMakeFiles/tint.dir/__/__/__/bgfx/3rdparty/dawn/src/tint/lang/wgsl/ast/parameter.cc.o
[ 86%] Building CXX object bgfx/cmake/bgfx/CMakeFiles/tint.dir/__/__/__/bgfx/3rdparty/dawn/src/tint/lang/wgsl/ast/phony_expression.cc.o
[ 86%] Building CXX object bgfx/cmake/bgfx/CMakeFiles/tint.dir/__/__/__/bgfx/3rdparty/dawn/src/tint/lang/wgsl/ast/pipeline_stage.cc.o
[ 86%] Building CXX object bgfx/cmake/bgfx/CMakeFiles/tint.dir/__/__/__/bgfx/3rdparty/dawn/src/tint/lang/wgsl/ast/requires.cc.o
[ 86%] Building CXX object bgfx/cmake/bgfx/CMakeFiles/tint.dir/__/__/__/bgfx/3rdparty/dawn/src/tint/lang/wgsl/ast/return_statement.cc.o
[ 86%] Building CXX object bgfx/cmake/bgfx/CMakeFiles/tint.dir/__/__/__/bgfx/3rdparty/dawn/src/tint/lang/wgsl/ast/stage_attribute.cc.o
[ 86%] Building CXX object bgfx/cmake/bgfx/CMakeFiles/tint.dir/__/__/__/bgfx/3rdparty/dawn/src/tint/lang/wgsl/ast/statement.cc.o
[ 86%] Building CXX object bgfx/cmake/bgfx/CMakeFiles/tint.dir/__/__/__/bgfx/3rdparty/dawn/src/tint/lang/wgsl/ast/struct.cc.o
[ 86%] Building CXX object bgfx/cmake/bgfx/CMakeFiles/tint.dir/__/__/__/bgfx/3rdparty/dawn/src/tint/lang/wgsl/ast/struct_member.cc.o
[ 86%] Building CXX object bgfx/cmake/bgfx/CMakeFiles/tint.dir/__/__/__/bgfx/3rdparty/dawn/src/tint/lang/wgsl/ast/struct_member_align_attribute.cc.o
[ 87%] Building CXX object bgfx/cmake/bgfx/CMakeFiles/tint.dir/__/__/__/bgfx/3rdparty/dawn/src/tint/lang/wgsl/ast/struct_member_size_attribute.cc.o
[ 87%] Building CXX object bgfx/cmake/bgfx/CMakeFiles/tint.dir/__/__/__/bgfx/3rdparty/dawn/src/tint/lang/wgsl/ast/subgroup_size_attribute.cc.o
[ 87%] Building CXX object bgfx/cmake/bgfx/CMakeFiles/tint.dir/__/__/__/bgfx/3rdparty/dawn/src/tint/lang/wgsl/ast/switch_statement.cc.o
[ 87%] Building CXX object bgfx/cmake/bgfx/CMakeFiles/tint.dir/__/__/__/bgfx/3rdparty/dawn/src/tint/lang/wgsl/ast/templated_identifier.cc.o
[ 87%] Building CXX object bgfx/cmake/bgfx/CMakeFiles/tint.dir/__/__/__/bgfx/3rdparty/dawn/src/tint/lang/wgsl/ast/type_decl.cc.o
[ 87%] Building CXX object bgfx/cmake/bgfx/CMakeFiles/tint.dir/__/__/__/bgfx/3rdparty/dawn/src/tint/lang/wgsl/ast/unary_op_expression.cc.o
[ 87%] Building CXX object bgfx/cmake/bgfx/CMakeFiles/tint.dir/__/__/__/bgfx/3rdparty/dawn/src/tint/lang/wgsl/ast/var.cc.o
[ 87%] Building CXX object bgfx/cmake/bgfx/CMakeFiles/tint.dir/__/__/__/bgfx/3rdparty/dawn/src/tint/lang/wgsl/ast/variable.cc.o
[ 87%] Building CXX object bgfx/cmake/bgfx/CMakeFiles/tint.dir/__/__/__/bgfx/3rdparty/dawn/src/tint/lang/wgsl/ast/variable_decl_statement.cc.o
[ 87%] Building CXX object bgfx/cmake/bgfx/CMakeFiles/tint.dir/__/__/__/bgfx/3rdparty/dawn/src/tint/lang/wgsl/ast/while_statement.cc.o
[ 87%] Building CXX object bgfx/cmake/bgfx/CMakeFiles/tint.dir/__/__/__/bgfx/3rdparty/dawn/src/tint/lang/wgsl/ast/workgroup_attribute.cc.o
[ 88%] Building CXX object bgfx/cmake/bgfx/CMakeFiles/tint.dir/__/__/__/bgfx/3rdparty/dawn/src/tint/lang/wgsl/enums.cc.o
[ 88%] Building CXX object bgfx/cmake/bgfx/CMakeFiles/tint.dir/__/__/__/bgfx/3rdparty/dawn/src/tint/lang/wgsl/feature_status.cc.o
[ 88%] Building CXX object bgfx/cmake/bgfx/CMakeFiles/tint.dir/__/__/__/bgfx/3rdparty/dawn/src/tint/lang/wgsl/inspector/entry_point.cc.o
[ 88%] Building CXX object bgfx/cmake/bgfx/CMakeFiles/tint.dir/__/__/__/bgfx/3rdparty/dawn/src/tint/lang/wgsl/inspector/inspector.cc.o
[ 88%] Building CXX object bgfx/cmake/bgfx/CMakeFiles/tint.dir/__/__/__/bgfx/3rdparty/dawn/src/tint/lang/wgsl/inspector/resource_binding.cc.o
[ 88%] Building CXX object bgfx/cmake/bgfx/CMakeFiles/tint.dir/__/__/__/bgfx/3rdparty/dawn/src/tint/lang/wgsl/inspector/scalar.cc.o
[ 88%] Building CXX object bgfx/cmake/bgfx/CMakeFiles/tint.dir/__/__/__/bgfx/3rdparty/dawn/src/tint/lang/wgsl/intrinsic/ctor_conv.cc.o
[ 88%] Building CXX object bgfx/cmake/bgfx/CMakeFiles/tint.dir/__/__/__/bgfx/3rdparty/dawn/src/tint/lang/wgsl/intrinsic/data.cc.o
[ 88%] Building CXX object bgfx/cmake/bgfx/CMakeFiles/tint.dir/__/__/__/bgfx/3rdparty/dawn/src/tint/lang/wgsl/ir/atomic_vec2u_to_from_u64.cc.o
[ 88%] Building CXX object bgfx/cmake/bgfx/CMakeFiles/tint.dir/__/__/__/bgfx/3rdparty/dawn/src/tint/lang/wgsl/ir/builtin_call.cc.o
[ 88%] Building CXX object bgfx/cmake/bgfx/CMakeFiles/tint.dir/__/__/__/bgfx/3rdparty/dawn/src/tint/lang/wgsl/ir/unary.cc.o
[ 88%] Building CXX object bgfx/cmake/bgfx/CMakeFiles/tint.dir/__/__/__/bgfx/3rdparty/dawn/src/tint/lang/wgsl/program/program.cc.o
[ 90%] Building CXX object bgfx/cmake/bgfx/CMakeFiles/tint.dir/__/__/__/bgfx/3rdparty/dawn/src/tint/lang/wgsl/program/program_builder.cc.o
[ 90%] Building CXX object bgfx/cmake/bgfx/CMakeFiles/tint.dir/__/__/__/bgfx/3rdparty/dawn/src/tint/lang/wgsl/reserved_words.cc.o
[ 90%] Building CXX object bgfx/cmake/bgfx/CMakeFiles/tint.dir/__/__/__/bgfx/3rdparty/dawn/src/tint/lang/wgsl/resolver/incomplete_type.cc.o
[ 90%] Building CXX object bgfx/cmake/bgfx/CMakeFiles/tint.dir/__/__/__/bgfx/3rdparty/dawn/src/tint/lang/wgsl/resolver/dependency_graph.cc.o
[ 90%] Building CXX object bgfx/cmake/bgfx/CMakeFiles/tint.dir/__/__/__/bgfx/3rdparty/dawn/src/tint/lang/wgsl/resolver/resolve.cc.o
[ 90%] Building CXX object bgfx/cmake/bgfx/CMakeFiles/tint.dir/__/__/__/bgfx/3rdparty/dawn/src/tint/lang/wgsl/resolver/resolver.cc.o
[ 90%] Building CXX object bgfx/cmake/bgfx/CMakeFiles/tint.dir/__/__/__/bgfx/3rdparty/dawn/src/tint/lang/wgsl/resolver/sem_helper.cc.o
[ 90%] Building CXX object bgfx/cmake/bgfx/CMakeFiles/tint.dir/__/__/__/bgfx/3rdparty/dawn/src/tint/lang/wgsl/resolver/uniformity.cc.o
[ 90%] Building CXX object bgfx/cmake/bgfx/CMakeFiles/tint.dir/__/__/__/bgfx/3rdparty/dawn/src/tint/lang/wgsl/resolver/unresolved_identifier.cc.o
[ 90%] Building CXX object bgfx/cmake/bgfx/CMakeFiles/tint.dir/__/__/__/bgfx/3rdparty/dawn/src/tint/lang/wgsl/resolver/validator.cc.o
[ 90%] Building CXX object bgfx/cmake/bgfx/CMakeFiles/tint.dir/__/__/__/bgfx/3rdparty/dawn/src/tint/lang/wgsl/sem/accessor_expression.cc.o
[ 91%] Building CXX object bgfx/cmake/bgfx/CMakeFiles/tint.dir/__/__/__/bgfx/3rdparty/dawn/src/tint/lang/wgsl/sem/array.cc.o
[ 91%] Building CXX object bgfx/cmake/bgfx/CMakeFiles/tint.dir/__/__/__/bgfx/3rdparty/dawn/src/tint/lang/wgsl/sem/array_count.cc.o
[ 91%] Building CXX object bgfx/cmake/bgfx/CMakeFiles/tint.dir/__/__/__/bgfx/3rdparty/dawn/src/tint/lang/wgsl/sem/behavior.cc.o
[ 91%] Building CXX object bgfx/cmake/bgfx/CMakeFiles/tint.dir/__/__/__/bgfx/3rdparty/dawn/src/tint/lang/wgsl/sem/block_statement.cc.o
[ 91%] Building CXX object bgfx/cmake/bgfx/CMakeFiles/tint.dir/__/__/__/bgfx/3rdparty/dawn/src/tint/lang/wgsl/sem/break_if_statement.cc.o
[ 91%] Building CXX object bgfx/cmake/bgfx/CMakeFiles/tint.dir/__/__/__/bgfx/3rdparty/dawn/src/tint/lang/wgsl/sem/builtin_enum_expression.cc.o
[ 91%] Building CXX object bgfx/cmake/bgfx/CMakeFiles/tint.dir/__/__/__/bgfx/3rdparty/dawn/src/tint/lang/wgsl/sem/builtin_fn.cc.o
[ 91%] Building CXX object bgfx/cmake/bgfx/CMakeFiles/tint.dir/__/__/__/bgfx/3rdparty/dawn/src/tint/lang/wgsl/sem/call.cc.o
[ 91%] Building CXX object bgfx/cmake/bgfx/CMakeFiles/tint.dir/__/__/__/bgfx/3rdparty/dawn/src/tint/lang/wgsl/sem/call_target.cc.o
[ 91%] Building CXX object bgfx/cmake/bgfx/CMakeFiles/tint.dir/__/__/__/bgfx/3rdparty/dawn/src/tint/lang/wgsl/sem/expression.cc.o
[ 91%] Building CXX object bgfx/cmake/bgfx/CMakeFiles/tint.dir/__/__/__/bgfx/3rdparty/dawn/src/tint/lang/wgsl/sem/for_loop_statement.cc.o
[ 92%] Building CXX object bgfx/cmake/bgfx/CMakeFiles/tint.dir/__/__/__/bgfx/3rdparty/dawn/src/tint/lang/wgsl/sem/function.cc.o
[ 92%] Building CXX object bgfx/cmake/bgfx/CMakeFiles/tint.dir/__/__/__/bgfx/3rdparty/dawn/src/tint/lang/wgsl/sem/function_expression.cc.o
[ 92%] Building CXX object bgfx/cmake/bgfx/CMakeFiles/tint.dir/__/__/__/bgfx/3rdparty/dawn/src/tint/lang/wgsl/sem/if_statement.cc.o
[ 92%] Building CXX object bgfx/cmake/bgfx/CMakeFiles/tint.dir/__/__/__/bgfx/3rdparty/dawn/src/tint/lang/wgsl/sem/index_accessor_expression.cc.o
[ 92%] Building CXX object bgfx/cmake/bgfx/CMakeFiles/tint.dir/__/__/__/bgfx/3rdparty/dawn/src/tint/lang/wgsl/sem/info.cc.o
[ 92%] Building CXX object bgfx/cmake/bgfx/CMakeFiles/tint.dir/__/__/__/bgfx/3rdparty/dawn/src/tint/lang/wgsl/sem/load.cc.o
[ 92%] Building CXX object bgfx/cmake/bgfx/CMakeFiles/tint.dir/__/__/__/bgfx/3rdparty/dawn/src/tint/lang/wgsl/sem/loop_statement.cc.o
[ 92%] Building CXX object bgfx/cmake/bgfx/CMakeFiles/tint.dir/__/__/__/bgfx/3rdparty/dawn/src/tint/lang/wgsl/sem/materialize.cc.o
[ 92%] Building CXX object bgfx/cmake/bgfx/CMakeFiles/tint.dir/__/__/__/bgfx/3rdparty/dawn/src/tint/lang/wgsl/sem/member_accessor_expression.cc.o
[ 92%] Building CXX object bgfx/cmake/bgfx/CMakeFiles/tint.dir/__/__/__/bgfx/3rdparty/dawn/src/tint/lang/wgsl/sem/module.cc.o
[ 92%] Building CXX object bgfx/cmake/bgfx/CMakeFiles/tint.dir/__/__/__/bgfx/3rdparty/dawn/src/tint/lang/wgsl/sem/node.cc.o
[ 92%] Building CXX object bgfx/cmake/bgfx/CMakeFiles/tint.dir/__/__/__/bgfx/3rdparty/dawn/src/tint/lang/wgsl/sem/statement.cc.o
[ 93%] Building CXX object bgfx/cmake/bgfx/CMakeFiles/tint.dir/__/__/__/bgfx/3rdparty/dawn/src/tint/lang/wgsl/sem/struct.cc.o
[ 93%] Building CXX object bgfx/cmake/bgfx/CMakeFiles/tint.dir/__/__/__/bgfx/3rdparty/dawn/src/tint/lang/wgsl/sem/switch_statement.cc.o
[ 93%] Building CXX object bgfx/cmake/bgfx/CMakeFiles/tint.dir/__/__/__/bgfx/3rdparty/dawn/src/tint/lang/wgsl/sem/type_expression.cc.o
[ 93%] Building CXX object bgfx/cmake/bgfx/CMakeFiles/tint.dir/__/__/__/bgfx/3rdparty/dawn/src/tint/lang/wgsl/sem/value_constructor.cc.o
[ 93%] Building CXX object bgfx/cmake/bgfx/CMakeFiles/tint.dir/__/__/__/bgfx/3rdparty/dawn/src/tint/lang/wgsl/sem/value_conversion.cc.o
[ 93%] Building CXX object bgfx/cmake/bgfx/CMakeFiles/tint.dir/__/__/__/bgfx/3rdparty/dawn/src/tint/lang/wgsl/sem/value_expression.cc.o
[ 93%] Building CXX object bgfx/cmake/bgfx/CMakeFiles/tint.dir/__/__/__/bgfx/3rdparty/dawn/src/tint/lang/wgsl/sem/variable.cc.o
[ 93%] Building CXX object bgfx/cmake/bgfx/CMakeFiles/tint.dir/__/__/__/bgfx/3rdparty/dawn/src/tint/lang/wgsl/sem/while_statement.cc.o
[ 93%] Building CXX object bgfx/cmake/bgfx/CMakeFiles/tint.dir/__/__/__/bgfx/3rdparty/dawn/src/tint/lang/wgsl/writer/ast_printer/ast_printer.cc.o
[ 93%] Building CXX object bgfx/cmake/bgfx/CMakeFiles/tint.dir/__/__/__/bgfx/3rdparty/dawn/src/tint/lang/wgsl/writer/common/common.cc.o
[ 93%] Building CXX object bgfx/cmake/bgfx/CMakeFiles/tint.dir/__/__/__/bgfx/3rdparty/dawn/src/tint/lang/wgsl/writer/ir_to_program/ir_to_program.cc.o
[ 94%] Building CXX object bgfx/cmake/bgfx/CMakeFiles/tint.dir/__/__/__/bgfx/3rdparty/dawn/src/tint/lang/wgsl/writer/output.cc.o
[ 94%] Building CXX object bgfx/cmake/bgfx/CMakeFiles/tint.dir/__/__/__/bgfx/3rdparty/dawn/src/tint/lang/wgsl/writer/raise/ptr_to_ref.cc.o
[ 94%] Building CXX object bgfx/cmake/bgfx/CMakeFiles/tint.dir/__/__/__/bgfx/3rdparty/dawn/src/tint/lang/wgsl/writer/raise/raise.cc.o
[ 94%] Building CXX object bgfx/cmake/bgfx/CMakeFiles/tint.dir/__/__/__/bgfx/3rdparty/dawn/src/tint/lang/wgsl/writer/raise/value_to_let.cc.o
[ 94%] Building CXX object bgfx/cmake/bgfx/CMakeFiles/tint.dir/__/__/__/bgfx/3rdparty/dawn/src/tint/lang/wgsl/writer/writer.cc.o
[ 94%] Building CXX object bgfx/cmake/bgfx/CMakeFiles/tint.dir/__/__/__/bgfx/3rdparty/dawn/src/tint/utils/bytes/buffer_reader.cc.o
[ 94%] Building CXX object bgfx/cmake/bgfx/CMakeFiles/tint.dir/__/__/__/bgfx/3rdparty/dawn/src/tint/utils/bytes/reader.cc.o
[ 94%] Building CXX object bgfx/cmake/bgfx/CMakeFiles/tint.dir/__/__/__/bgfx/3rdparty/dawn/src/tint/utils/containers/containers.cc.o
[ 94%] Building CXX object bgfx/cmake/bgfx/CMakeFiles/tint.dir/__/__/__/bgfx/3rdparty/dawn/src/tint/utils/diagnostic/diagnostic.cc.o
[ 94%] Building CXX object bgfx/cmake/bgfx/CMakeFiles/tint.dir/__/__/__/bgfx/3rdparty/dawn/src/tint/utils/diagnostic/formatter.cc.o
[ 94%] Building CXX object bgfx/cmake/bgfx/CMakeFiles/tint.dir/__/__/__/bgfx/3rdparty/dawn/src/tint/utils/diagnostic/source.cc.o
[ 94%] Building CXX object bgfx/cmake/bgfx/CMakeFiles/tint.dir/__/__/__/bgfx/3rdparty/dawn/src/tint/utils/ice/debugger.cc.o
[ 95%] Building CXX object bgfx/cmake/bgfx/CMakeFiles/tint.dir/__/__/__/bgfx/3rdparty/dawn/src/tint/utils/ice/ice.cc.o
[ 95%] Building CXX object bgfx/cmake/bgfx/CMakeFiles/tint.dir/__/__/__/bgfx/3rdparty/dawn/src/tint/utils/macros/macros.cc.o
[ 95%] Building CXX object bgfx/cmake/bgfx/CMakeFiles/tint.dir/__/__/__/bgfx/3rdparty/dawn/src/tint/utils/math/math.cc.o
[ 95%] Building CXX object bgfx/cmake/bgfx/CMakeFiles/tint.dir/__/__/__/bgfx/3rdparty/dawn/src/tint/utils/memory/memory.cc.o
[ 95%] Building CXX object bgfx/cmake/bgfx/CMakeFiles/tint.dir/__/__/__/bgfx/3rdparty/dawn/src/tint/utils/reflection/reflection.cc.o
[ 95%] Building CXX object bgfx/cmake/bgfx/CMakeFiles/tint.dir/__/__/__/bgfx/3rdparty/dawn/src/tint/utils/result.cc.o
[ 95%] Building CXX object bgfx/cmake/bgfx/CMakeFiles/tint.dir/__/__/__/bgfx/3rdparty/dawn/src/tint/utils/rtti/castable.cc.o
[ 95%] Building CXX object bgfx/cmake/bgfx/CMakeFiles/tint.dir/__/__/__/bgfx/3rdparty/dawn/src/tint/utils/rtti/switch.cc.o
[ 95%] Building CXX object bgfx/cmake/bgfx/CMakeFiles/tint.dir/__/__/__/bgfx/3rdparty/dawn/src/tint/utils/strconv/float_to_string.cc.o
[ 95%] Building CXX object bgfx/cmake/bgfx/CMakeFiles/tint.dir/__/__/__/bgfx/3rdparty/dawn/src/tint/utils/symbol/generation_id.cc.o
[ 95%] Building CXX object bgfx/cmake/bgfx/CMakeFiles/tint.dir/__/__/__/bgfx/3rdparty/dawn/src/tint/utils/symbol/symbol.cc.o
[ 96%] Building CXX object bgfx/cmake/bgfx/CMakeFiles/tint.dir/__/__/__/bgfx/3rdparty/dawn/src/tint/utils/symbol/symbol_table.cc.o
[ 96%] Building CXX object bgfx/cmake/bgfx/CMakeFiles/tint.dir/__/__/__/bgfx/3rdparty/dawn/src/tint/utils/text/base64.cc.o
[ 96%] Building CXX object bgfx/cmake/bgfx/CMakeFiles/tint.dir/__/__/__/bgfx/3rdparty/dawn/src/tint/utils/text/color_mode.cc.o
[ 96%] Building CXX object bgfx/cmake/bgfx/CMakeFiles/tint.dir/__/__/__/bgfx/3rdparty/dawn/src/tint/utils/text/string.cc.o
[ 96%] Building CXX object bgfx/cmake/bgfx/CMakeFiles/tint.dir/__/__/__/bgfx/3rdparty/dawn/src/tint/utils/text/string_stream.cc.o
[ 96%] Building CXX object bgfx/cmake/bgfx/CMakeFiles/tint.dir/__/__/__/bgfx/3rdparty/dawn/src/tint/utils/text/styled_text.cc.o
[ 96%] Building CXX object bgfx/cmake/bgfx/CMakeFiles/tint.dir/__/__/__/bgfx/3rdparty/dawn/src/tint/utils/text/styled_text_printer.cc.o
[ 96%] Building CXX object bgfx/cmake/bgfx/CMakeFiles/tint.dir/__/__/__/bgfx/3rdparty/dawn/src/tint/utils/text/styled_text_printer_ansi.cc.o
[ 96%] Building CXX object bgfx/cmake/bgfx/CMakeFiles/tint.dir/__/__/__/bgfx/3rdparty/dawn/src/tint/utils/text/styled_text_theme.cc.o
[ 96%] Building CXX object bgfx/cmake/bgfx/CMakeFiles/tint.dir/__/__/__/bgfx/3rdparty/dawn/src/tint/utils/text/unicode.cc.o
[ 96%] Building CXX object bgfx/cmake/bgfx/CMakeFiles/tint.dir/__/__/__/bgfx/3rdparty/dawn/src/tint/utils/text_generator/text_generator.cc.o
[ 97%] Linking CXX static library libtint.a
[ 97%] Built target tint
[ 97%] Building CXX object bgfx/cmake/bgfx/CMakeFiles/shaderc.dir/__/__/__/bgfx/src/shader.cpp.o
[ 97%] Building CXX object bgfx/cmake/bgfx/CMakeFiles/shaderc.dir/__/__/__/bgfx/tools/shaderc/pp.cpp.o
[ 97%] Building CXX object bgfx/cmake/bgfx/CMakeFiles/shaderc.dir/__/__/__/bgfx/tools/shaderc/shaderc_dxil.cpp.o
[ 97%] Building CXX object bgfx/cmake/bgfx/CMakeFiles/shaderc.dir/__/__/__/bgfx/tools/shaderc/shaderc.cpp.o
[ 97%] Building CXX object bgfx/cmake/bgfx/CMakeFiles/shaderc.dir/__/__/__/bgfx/tools/shaderc/shaderc_glsl.cpp.o
[ 97%] Building CXX object bgfx/cmake/bgfx/CMakeFiles/shaderc.dir/__/__/__/bgfx/tools/shaderc/shaderc_hlsl.cpp.o
[ 97%] Building CXX object bgfx/cmake/bgfx/CMakeFiles/shaderc.dir/__/__/__/bgfx/tools/shaderc/shaderc_metal.cpp.o
[ 97%] Building CXX object bgfx/cmake/bgfx/CMakeFiles/shaderc.dir/__/__/__/bgfx/tools/shaderc/shaderc_pssl.cpp.o
[ 97%] Building CXX object bgfx/cmake/bgfx/CMakeFiles/shaderc.dir/__/__/__/bgfx/tools/shaderc/shaderc_spirv.cpp.o
[ 97%] Building CXX object bgfx/cmake/bgfx/CMakeFiles/shaderc.dir/__/__/__/bgfx/tools/shaderc/shaderc_wgsl.cpp.o
[ 98%] Building CXX object bgfx/cmake/bgfx/CMakeFiles/shaderc.dir/generated/vertexlayout.cpp.o
[ 98%] Linking CXX executable shaderc
ld: warning: ignoring duplicate libraries: '../bx/libbx.a'
[ 98%] Built target shaderc
[ 98%] Generating Shaders/fs_scene.bin
[ 98%] Generating Shaders/vs_inspector.bin
[ 98%] Generating Shaders/fs_inspector.bin
[100%] Generating Shaders/vs_scene.bin
[100%] Built target engine_shaders
[100%] Building CXX object CMakeFiles/engine_workbench.dir/Source/Rendering/InspectorRenderer.cpp.o
[100%] Building CXX object CMakeFiles/engine_workbench.dir/Apps/Workbench/main.cpp.o
[100%] Building CXX object CMakeFiles/engine_workbench.dir/Source/Rendering/Renderer.cpp.o
[100%] Building CXX object CMakeFiles/engine_workbench.dir/Source/Platform/Window.cpp.o
[100%] Linking CXX executable engine_workbench
ld: warning: ignoring duplicate libraries: 'bgfx/cmake/bx/libbx.a'
[100%] Built target engine_workbench
Built target engine_state
Building CXX object CMakeFiles/engine_state_tests.dir/Tests/FixtureStateTests.cpp.o
Linking CXX executable engine_state_tests
Built target engine_state_tests
